361,null/
383,null/
443,null/
447,null/
452,null/
474,/services/v3/open/search
475,/services/v3/open/searchV4
476,/services/v3/open/boss/search
480,/services/v3/open/lieping/detail
491,/services/v3/open/boss/detail
496,/services/v3/open/allPatents
503,/services/v3/open/suggest
504,/services/v3/open/suggestDetail
506,/services/v3/open/searchV2
511,/services/v3/open/qimingpian
512,/services/v3/open/simpleCopy
513,/services/v3/open/qimingpian/company
516,/services/v3/open/detail/dt
517,/services/v3/open/searchV3
518,/services/v3/open/qimingpian/search
519,/services/v3/open/hdbk/detail
520,/services/v3/open/allDetail
521,/services/v3/open/allDetail2
522,/services/v3/open/maimai/detail
523,/services/v3/open/holder
524,/services/v3/open/companyInfo
526,/services/v3/open/holdingCompany
527,/services/v3/open/shareholder
528,/services/v3/open/shyd/detail
529,/services/v3/openbk/detail
530,/services/v3/openbk/detailV2
531,/services/v3/openvip/byname
532,/services/v3/openvip/byidcard
533,/services/v3/open/findHistoryRongzi
534,/services/v3/open/findTeamMember
535,/services/v3/open/getProductInfo
536,/services/v3/open/findTzanli
537,/services/v3/open/findJingpin
539,/services/v3/open360/dishonest360MappingId
540,/services/v3/open360/incre
541,/services/v3/open360/special
542,/services/v3/open/report/company
543,/services/v3/open/report/human
545,/services/v3/newopen/search
549,/services/v3/newopen/holder
550,/services/v3/newopen/inverst
554,/services/v3/newopen/findHistoryRongzi
555,/services/v3/newopen/findTeamMember
556,/services/v3/newopen/getProductInfo
557,/services/v3/newopen/findTzanli
558,/services/v3/newopen/findJingpin
592,/services/v3/newopen/equityRatio
595,/services/v3/open/report/company/word/basic
600,/services/v3/open/syjf/investtree
601,/services/v3/newopen/searchV2
602,/services/v3/open/user/balance
603,/services/v3/open/user/interface
604,/services/v3/open/user/statistics
605,/services/v3/open/gongshang
619,/services/v3/open/report/company/word/major2
620,/services/v3/open/allDetail3
621,/services/v3/open/push
623,/services/v3/newopen/yjzx/search
624,/services/v3/newopen/relationship
629,/services/v3/newopen/xgbaseinfoV2
634,/services/v4/open/zjs/search
636,/services/v4/open/page/searchV2
637,/services/v4/open/relationByhuman
638,/services/v4/open/relation
639,/services/v3/open/jdwx/tm
728,null/
729,/
734,null/
740,null/
976,null/
977,null/
1040,null/
1100,null/
1104,/
