id,url
353,/services/v4/open/searchV2?word=%E5%8C%97%E4%BA%AC%E7%99%BE%E5%BA%A6%E7%BD%91%E8%AE%AF%E7%A7%91%E6%8A%80%E6%9C%89%E9%99%90%E5%85%AC%E5%8F%B8
361,null/
362,/services/v4/open/baseinfo?keyword=199557844&id=199557844&name=%E5%B9%B3%E5%AE%89%E9%93%B6%E8%A1%8C%E8%82%A1%E4%BB%BD%E6%9C%89%E9%99%90%E5%85%AC%E5%8F%B8
364,/services/v4/open/baseinfoV2?keyword=199557844&id=199557844&name=%E5%B9%B3%E5%AE%89%E9%93%B6%E8%A1%8C%E8%82%A1%E4%BB%BD%E6%9C%89%E9%99%90%E5%85%AC%E5%8F%B8
365,/services/v4/open/baseinfoV3?keyword=199557844&id=199557844&name=%E5%B9%B3%E5%AE%89%E9%93%B6%E8%A1%8C%E8%82%A1%E4%BB%BD%E6%9C%89%E9%99%90%E5%85%AC%E5%8F%B8
367,/services/v4/open/staff?keyword=22822&id=22822&name=%E5%8C%97%E4%BA%AC%E7%99%BE%E5%BA%A6%E7%BD%91%E8%AE%AF%E7%A7%91%E6%8A%80%E6%9C%89%E9%99%90%E5%85%AC%E5%8F%B8&pageNum=1&pageSize=20
368,/services/v4/open/holder?name=%E5%8C%97%E4%BA%AC%E7%99%BE%E5%BA%A6%E7%BD%91%E8%AE%AF%E7%A7%91%E6%8A%80%E6%9C%89%E9%99%90%E5%85%AC%E5%8F%B8&id=22822&pageNum=1
369,/services/v4/open/inverst?name=%E5%8C%97%E4%BA%AC%E7%99%BE%E5%BA%A6%E7%BD%91%E8%AE%AF%E7%A7%91%E6%8A%80%E6%9C%89%E9%99%90%E5%85%AC%E5%8F%B8&id=22822&pageNum=1
370,/services/v4/open/changeinfo?id=22822&name=%E5%8C%97%E4%BA%AC%E7%99%BE%E5%BA%A6%E7%BD%91%E8%AE%AF%E7%A7%91%E6%8A%80%E6%9C%89%E9%99%90%E5%85%AC%E5%8F%B8&pageNum=1&pageSize=20
371,/services/v4/open/annualreport?keyword=%E5%8C%97%E4%BA%AC%E7%99%BE%E5%BA%A6%E7%BD%91%E8%AE%AF%E7%A7%91%E6%8A%80%E6%9C%89%E9%99%90%E5%85%AC%E5%8F%B8
372,/services/v4/open/branch?keyword=22822&id=22822&name=%E5%8C%97%E4%BA%AC%E7%99%BE%E5%BA%A6%E7%BD%91%E8%AE%AF%E7%A7%91%E6%8A%80%E6%9C%89%E9%99%90%E5%85%AC%E5%8F%B8&pageNum=1&pageSize=20
377,/services/v4/open/findHistoryRongzi?name=%E5%8C%97%E4%BA%AC%E7%99%BE%E5%BA%A6%E7%BD%91%E8%AE%AF%E7%A7%91%E6%8A%80%E6%9C%89%E9%99%90%E5%85%AC%E5%8F%B8&pageNum=1
378,/services/v4/open/findTeamMember?name=%E5%8C%97%E4%BA%AC%E7%99%BE%E5%BA%A6%E7%BD%91%E8%AE%AF%E7%A7%91%E6%8A%80%E6%9C%89%E9%99%90%E5%85%AC%E5%8F%B8&pageNum=1
379,/services/v4/open/getProductInfo?name=%E5%8C%97%E4%BA%AC%E7%99%BE%E5%BA%A6%E7%BD%91%E8%AE%AF%E7%A7%91%E6%8A%80%E6%9C%89%E9%99%90%E5%85%AC%E5%8F%B8&pageNum=1
380,/services/v4/open/findTzanli?name=%E5%8C%97%E4%BA%AC%E7%99%BE%E5%BA%A6%E7%BD%91%E8%AE%AF%E7%A7%91%E6%8A%80%E6%9C%89%E9%99%90%E5%85%AC%E5%8F%B8&pageNum=1
381,/services/v4/open/findJingpin?name=%E5%8C%97%E4%BA%AC%E7%99%BE%E5%BA%A6%E7%BD%91%E8%AE%AF%E7%A7%91%E6%8A%80%E6%9C%89%E9%99%90%E5%85%AC%E5%8F%B8&pageNum=1
383,null/
384,/services/v4/open/lawSuit?name=%E5%8C%97%E4%BA%AC%E7%99%BE%E5%BA%A6%E7%BD%91%E8%AE%AF%E7%A7%91%E6%8A%80%E6%9C%89%E9%99%90%E5%85%AC%E5%8F%B8&pageNum=1&pageSize=20
385,/services/v4/open/courtAnnouncement?name=%E5%8C%97%E4%BA%AC%E7%99%BE%E5%BA%A6%E7%BD%91%E8%AE%AF%E7%A7%91%E6%8A%80%E6%9C%89%E9%99%90%E5%85%AC%E5%8F%B8&pageNum=1&pageSize=20
386,/services/v4/open/ktannouncement?name=%E5%8C%97%E4%BA%AC%E7%99%BE%E5%BA%A6%E7%BD%91%E8%AE%AF%E7%A7%91%E6%8A%80%E6%9C%89%E9%99%90%E5%85%AC%E5%8F%B8&id=22822&pageNum=1&pageSize=20
387,/services/v4/open/dishonest?name=%E5%A4%A9%E6%B4%A5%E4%BF%A1%E8%A3%95%E6%88%BF%E5%9C%B0%E4%BA%A7%E5%8F%91%E5%B1%95%E6%9C%89%E9%99%90%E5%85%AC%E5%8F%B8&pageSize=20&pageNum=1
389,/services/v4/open/zhixinginfo?name=%E6%B2%B3%E5%8C%97%E5%B1%95%E5%8F%91%E6%88%BF%E5%9C%B0%E4%BA%A7%E5%BC%80%E5%8F%91%E6%9C%89%E9%99%90%E5%85%AC%E5%8F%B8&id=506749873&pageNum=1&pageSize=20
391,/services/v4/open/abnormal?name=%E6%B9%96%E5%8D%97%E7%91%9E%E6%BA%90%E7%94%9F%E7%89%A9%E5%8C%BB%E8%8D%AF%E7%A7%91%E6%8A%80%E6%9C%89%E9%99%90%E5%85%AC%E5%8F%B8&pageSize=20&id=1073117874&pageNum=1
399,/services/v4/open/punishmentInfo?name=%E5%8C%97%E4%BA%AC%E7%99%BE%E5%BA%A6%E7%BD%91%E8%AE%AF%E7%A7%91%E6%8A%80%E6%9C%89%E9%99%90%E5%85%AC%E5%8F%B8&pageSize=20&pageNum=1
401,/services/v4/open/creditChina?name=%E5%8C%97%E4%BA%AC%E7%99%BE%E5%BA%A6%E7%BD%91%E8%AE%AF%E7%A7%91%E6%8A%80%E6%9C%89%E9%99%90%E5%85%AC%E5%8F%B8&pageSize=20&id=22822&pageNum=1
402,/services/v4/open/illegalinfo?name=%E5%9B%9B%E5%B7%9D%E5%B1%95%E4%BD%B3%E7%A9%BA%E8%B0%83%E5%B7%A5%E7%A8%8B%E6%9C%89%E9%99%90%E5%85%AC%E5%8F%B8%E6%B7%B1%E5%9C%B3%E5%88%86%E5%85%AC%E5%8F%B8&pageSize=20&pageNum=1
404,/services/v4/open/equityInfo?name=%E5%86%85%E8%92%99%E5%8F%A4%E5%A4%A7%E8%8D%89%E5%8E%9F%E7%94%9F%E6%80%81%E4%BA%A7%E4%B8%9A%E6%8A%95%E8%B5%84%E6%9C%89%E9%99%90%E5%85%AC%E5%8F%B8&pageSize=20&pageNum=1
421,/services/v4/open/mortgageInfo?name=%E8%AE%B7%E6%B2%B3%E5%B8%82%E4%B8%B0%E7%9B%9B%E7%8E%B0%E4%BB%A3%E5%86%9C%E4%B8%9A%E5%86%9C%E6%9C%BA%E4%B8%93%E4%B8%9A%E5%90%88%E4%BD%9C%E7%A4%BE&pageSize=20&pageNum=1
422,/services/v4/open/ownTax?name=%E9%9F%A9%E5%9B%BD%E6%99%BA%E7%84%95%E8%B4%B8%E6%98%93%E6%A0%AA%E5%BC%8F%E4%BC%9A%E7%A4%BE%E9%9D%92%E5%B2%9B%E5%8A%9E%E4%BA%8B%E5%A4%84&pageSize=20&id=2946591806&pageNum=1
423,/services/v4/open/judicialSale?name=%E5%B8%B8%E5%B7%9E%E5%B8%82%E6%AD%A6%E8%BF%9B%E5%8C%BA%E9%93%B6%E9%80%9A%E5%86%9C%E6%9D%91%E5%B0%8F%E9%A2%9D%E8%B4%B7%E6%AC%BE%E8%82%A1%E4%BB%BD%E6%9C%89%E9%99%90%E5%85%AC%E5%8F%B8&pageSize=20&id=2349508353&pageNum=1
425,/services/v4/open/riskInfo?keyword=%E5%8C%97%E4%BA%AC%E7%99%BE%E5%BA%A6%E7%BD%91%E8%AE%AF%E7%A7%91%E6%8A%80%E6%9C%89%E9%99%90%E5%85%AC%E5%8F%B8
426,/services/v4/open/riskDetail?pageSize=20&id=104176702&type=8&pageNum=1
427,/services/v4/open/humanRiskInfo?hid=2020172991&name=%E5%8C%97%E4%BA%AC%E7%99%BE%E5%BA%A6%E7%BD%91%E8%AE%AF%E7%A7%91%E6%8A%80%E6%9C%89%E9%99%90%E5%85%AC%E5%8F%B8&humanName=%E6%A2%81%E5%BF%97%E7%A5%A5&cid=22822
428,null/
429,/services/v4/open/bids?name=%E5%8C%97%E4%BA%AC%E7%99%BE%E5%BA%A6%E7%BD%91%E8%AE%AF%E7%A7%91%E6%8A%80%E6%9C%89%E9%99%90%E5%85%AC%E5%8F%B8&id=22822&pageNum=1&pageSize=20
430,/services/v4/open/bond?name=%E5%98%89%E5%85%B4%E9%93%B6%E8%A1%8C%E8%82%A1%E4%BB%BD%E6%9C%89%E9%99%90%E5%85%AC%E5%8F%B8&id=78931523&pageNum=1&pageSize=20
431,/services/v4/open/purchaseLand?name=%E9%87%91%E5%9C%B0%EF%BC%88%E9%9B%86%E5%9B%A2%EF%BC%89%E8%82%A1%E4%BB%BD%E6%9C%89%E9%99%90%E5%85%AC%E5%8F%B8&id=8863903&pageNum=1&pageSize=20
432,/services/v4/open/employments?name=%E5%8C%97%E4%BA%AC%E7%99%BE%E5%BA%A6%E7%BD%91%E8%AE%AF%E7%A7%91%E6%8A%80%E6%9C%89%E9%99%90%E5%85%AC%E5%8F%B8&id=22822&pageNum=1&pageSize=20
433,/services/v4/open/taxCredit?name=%E5%8C%97%E4%BA%AC%E7%99%BE%E5%BA%A6%E7%BD%91%E8%AE%AF%E7%A7%91%E6%8A%80%E6%9C%89%E9%99%90%E5%85%AC%E5%8F%B8&id=22822&pageNum=1&pageSize=20
434,/services/v4/open/checkInfo?name=%E5%8C%97%E4%BA%AC%E7%99%BE%E5%BA%A6%E7%BD%91%E8%AE%AF%E7%A7%91%E6%8A%80%E6%9C%89%E9%99%90%E5%85%AC%E5%8F%B8&id=22822&pageNum=1&pageSize=20
435,/services/v4/open/appbkInfo?name=%E5%8C%97%E4%BA%AC%E7%99%BE%E5%BA%A6%E7%BD%91%E8%AE%AF%E7%A7%91%E6%8A%80%E6%9C%89%E9%99%90%E5%85%AC%E5%8F%B8&id=22822&pageNum=1&pageSize=20
436,/services/v4/open/importAndExport?name=%E7%8F%A0%E6%B5%B7%E5%B8%82%E4%BC%98%E9%9A%86%E8%B4%B8%E6%98%93%E6%9C%89%E9%99%90%E5%85%AC%E5%8F%B8&id=2352946528
437,/services/v4/open/certificate?name=%E5%8C%97%E4%BA%AC%E7%99%BE%E5%BA%A6%E7%BD%91%E8%AE%AF%E7%A7%91%E6%8A%80%E6%9C%89%E9%99%90%E5%85%AC%E5%8F%B8&id=22822&pageNum=1&pageSize=20
438,null/
439,/services/v4/open/tm?keyword=22822&id=22822&name=%E5%8C%97%E4%BA%AC%E7%99%BE%E5%BA%A6%E7%BD%91%E8%AE%AF%E7%A7%91%E6%8A%80%E6%9C%89%E9%99%90%E5%85%AC%E5%8F%B8&pageNum=1&pageSize=20
440,/services/v4/open/patents?keyword=22822&id=22822&name=%E5%8C%97%E4%BA%AC%E7%99%BE%E5%BA%A6%E7%BD%91%E8%AE%AF%E7%A7%91%E6%8A%80%E6%9C%89%E9%99%90%E5%85%AC%E5%8F%B8&pageNum=1&pageSize=20
441,/services/v4/open/copyReg?keyword=22822&id=22822&name=%E5%8C%97%E4%BA%AC%E7%99%BE%E5%BA%A6%E7%BD%91%E8%AE%AF%E7%A7%91%E6%8A%80%E6%9C%89%E9%99%90%E5%85%AC%E5%8F%B8&pageNum=1&pageSize=20
442,/services/v4/open/icp?keyword=22822&id=22822&name=%E5%8C%97%E4%BA%AC%E7%99%BE%E5%BA%A6%E7%BD%91%E8%AE%AF%E7%A7%91%E6%8A%80%E6%9C%89%E9%99%90%E5%85%AC%E5%8F%B8
444,/services/v4/open/volatility?name=%E5%B9%B3%E5%AE%89%E9%93%B6%E8%A1%8C%E8%82%A1%E4%BB%BD%E6%9C%89%E9%99%90%E5%85%AC%E5%8F%B8&id=199557844
446,/services/v3/open/news?name=%E5%8C%97%E4%BA%AC%E7%99%BE%E5%BA%A6%E7%BD%91%E8%AE%AF%E7%A7%91%E6%8A%80%E6%9C%89%E9%99%90%E5%85%AC%E5%8F%B8
448,/services/v4/open/description?hid=1984012283&name=%E5%8C%97%E4%BA%AC%E7%99%BE%E5%BA%A6%E7%BD%91%E8%AE%AF%E7%A7%91%E6%8A%80%E6%9C%89%E9%99%90%E5%85%AC%E5%8F%B8&humanName=%E6%9D%8E%E5%BD%A6%E5%AE%8F&cid=22822
449,/services/v4/open/roles?hid=1984012283&name=%E5%8C%97%E4%BA%AC%E7%99%BE%E5%BA%A6%E7%BD%91%E8%AE%AF%E7%A7%91%E6%8A%80%E6%9C%89%E9%99%90%E5%85%AC%E5%8F%B8&humanName=%E6%9D%8E%E5%BD%A6%E5%AE%8F&cid=22822
450,/services/v4/open/allCompanys?hid=1984012283&name=%E5%8C%97%E4%BA%AC%E7%99%BE%E5%BA%A6%E7%BD%91%E8%AE%AF%E7%A7%91%E6%8A%80%E6%9C%89%E9%99%90%E5%85%AC%E5%8F%B8&humanName=%E6%9D%8E%E5%BD%A6%E5%AE%8F&cid=22822
451,/services/v4/open/partners?hid=1984012283&name=%E5%8C%97%E4%BA%AC%E7%99%BE%E5%BA%A6%E7%BD%91%E8%AE%AF%E7%A7%91%E6%8A%80%E6%9C%89%E9%99%90%E5%85%AC%E5%8F%B8&humanName=%E6%9D%8E%E5%BD%A6%E5%AE%8F&cid=22822
453,/services/v4/open/equityRatio?keyword=%E5%8C%97%E4%BA%AC%E7%99%BE%E5%BA%A6%E7%BD%91%E8%AE%AF%E7%A7%91%E6%8A%80%E6%9C%89%E9%99%90%E5%85%AC%E5%8F%B8
454,/services/v3/open/oneKey/c?id=948954637
455,/services/v3/open/investtree?flag=2&dir=down&keyword=%E5%8C%97%E4%BA%AC%E7%99%BE%E5%BA%A6%E7%BD%91%E8%AE%AF%E7%A7%91%E6%8A%80%E6%9C%89%E9%99%90%E5%85%AC%E5%8F%B8
457,/services/v4/open/taxesCode?keyword=%E5%8C%97%E4%BA%AC%E7%99%BE%E5%BA%A6%E7%BD%91%E8%AE%AF%E7%A7%91%E6%8A%80%E6%9C%89%E9%99%90%E5%85%AC%E5%8F%B8
458,/services/v4/open/historyNames?keyword=%E5%93%88%E5%B0%94%E6%BB%A8%E5%B8%82%E9%A1%BA%E7%A6%8F%E6%88%90%E7%B1%B3%E4%B8%9A%E6%9C%89%E9%99%90%E8%B4%A3%E4%BB%BB%E5%85%AC%E5%8F%B8
459,/services/v4/open/xgbaseinfoV2?keyword=%E7%99%BE%E5%BA%A6%EF%BC%88%E9%A6%99%E6%B8%AF%EF%BC%89%E6%9C%89%E9%99%90%E5%85%AC%E5%8F%B8
460,/services/v4/open/companyInfo?name=%E6%B7%B1%E5%9C%B3%E5%B8%82%E6%8C%AF%E4%B8%9A%EF%BC%88%E9%9B%86%E5%9B%A2%EF%BC%89%E8%82%A1%E4%BB%BD%E6%9C%89%E9%99%90%E5%85%AC%E5%8F%B8&id=485568977
461,/services/v4/open/seniorExecutive?name=%E6%B7%B1%E5%9C%B3%E5%B8%82%E6%8C%AF%E4%B8%9A%EF%BC%88%E9%9B%86%E5%9B%A2%EF%BC%89%E8%82%A1%E4%BB%BD%E6%9C%89%E9%99%90%E5%85%AC%E5%8F%B8&pageSize=20&id=485568977&pageNum=1
462,/services/v4/open/holdingCompany?name=%E6%B7%B1%E5%9C%B3%E5%B8%82%E6%8C%AF%E4%B8%9A%EF%BC%88%E9%9B%86%E5%9B%A2%EF%BC%89%E8%82%A1%E4%BB%BD%E6%9C%89%E9%99%90%E5%85%AC%E5%8F%B8&pageSize=20&id=485568977&pageNum=1
463,/services/v4/open/announcement?name=%E6%B7%B1%E5%9C%B3%E5%B8%82%E6%8C%AF%E4%B8%9A%EF%BC%88%E9%9B%86%E5%9B%A2%EF%BC%89%E8%82%A1%E4%BB%BD%E6%9C%89%E9%99%90%E5%85%AC%E5%8F%B8&pageSize=20&id=485568977&pageNum=1
464,/services/v4/open/shareholder?name=%E6%B7%B1%E5%9C%B3%E5%B8%82%E6%8C%AF%E4%B8%9A%EF%BC%88%E9%9B%86%E5%9B%A2%EF%BC%89%E8%82%A1%E4%BB%BD%E6%9C%89%E9%99%90%E5%85%AC%E5%8F%B8&id=485568977&type=1
465,/services/v4/open/issueRelated?name=%E6%B7%B1%E5%9C%B3%E5%B8%82%E6%8C%AF%E4%B8%9A%EF%BC%88%E9%9B%86%E5%9B%A2%EF%BC%89%E8%82%A1%E4%BB%BD%E6%9C%89%E9%99%90%E5%85%AC%E5%8F%B8&id=485568977
466,/services/v4/open/shareStructure?name=%E6%B7%B1%E5%9C%B3%E5%B8%82%E6%8C%AF%E4%B8%9A%EF%BC%88%E9%9B%86%E5%9B%A2%EF%BC%89%E8%82%A1%E4%BB%BD%E6%9C%89%E9%99%90%E5%85%AC%E5%8F%B8&id=485568977
467,/services/v4/open/equityChange?name=%E6%B7%B1%E5%9C%B3%E5%B8%82%E6%8C%AF%E4%B8%9A%EF%BC%88%E9%9B%86%E5%9B%A2%EF%BC%89%E8%82%A1%E4%BB%BD%E6%9C%89%E9%99%90%E5%85%AC%E5%8F%B8&pageSize=20&id=485568977&pageNum=1
468,/services/v4/open/bonusInfo?name=%E6%B7%B1%E5%9C%B3%E5%B8%82%E6%8C%AF%E4%B8%9A%EF%BC%88%E9%9B%86%E5%9B%A2%EF%BC%89%E8%82%A1%E4%BB%BD%E6%9C%89%E9%99%90%E5%85%AC%E5%8F%B8&pageSize=20&id=485568977&pageNum=1
469,/services/v4/open/allotmen?name=%E6%B7%B1%E5%9C%B3%E5%B8%82%E6%8C%AF%E4%B8%9A%EF%BC%88%E9%9B%86%E5%9B%A2%EF%BC%89%E8%82%A1%E4%BB%BD%E6%9C%89%E9%99%90%E5%85%AC%E5%8F%B8&pageSize=20&id=485568977&pageNum=1
471,null/
472,/services/v3/open/detail?keyword=22822&name=%E5%8C%97%E4%BA%AC%E7%99%BE%E5%BA%A6%E7%BD%91%E8%AE%AF%E7%A7%91%E6%8A%80%E6%9C%89%E9%99%90%E5%85%AC%E5%8F%B8
473,/services/v3/open/companyToMt1?keyword=22822&name=%E5%8C%97%E4%BA%AC%E7%99%BE%E5%BA%A6%E7%BD%91%E8%AE%AF%E7%A7%91%E6%8A%80%E6%9C%89%E9%99%90%E5%85%AC%E5%8F%B8
474,/services/v3/open/search
475,/services/v3/open/searchV4
476,/services/v3/open/boss/search
477,/services/v3/open/companyToMt?keyword=22822&name=%E5%8C%97%E4%BA%AC%E7%99%BE%E5%BA%A6%E7%BD%91%E8%AE%AF%E7%A7%91%E6%8A%80%E6%9C%89%E9%99%90%E5%85%AC%E5%8F%B8
478,/services/v3/open/newdetail?keyword=22822&name=%E5%8C%97%E4%BA%AC%E7%99%BE%E5%BA%A6%E7%BD%91%E8%AE%AF%E7%A7%91%E6%8A%80%E6%9C%89%E9%99%90%E5%85%AC%E5%8F%B8
479,/services/v3/open/companydetail?keyword=%E5%8C%97%E4%BA%AC%E7%99%BE%E5%BA%A6%E7%BD%91%E8%AE%AF%E7%A7%91%E6%8A%80%E6%9C%89%E9%99%90%E5%85%AC%E5%8F%B8&id=22822
480,/services/v3/open/lieping/detail
481,/services/v3/open/lawsuit?name=%E5%8C%97%E4%BA%AC%E7%99%BE%E5%BA%A6%E7%BD%91%E8%AE%AF%E7%A7%91%E6%8A%80%E6%9C%89%E9%99%90%E5%85%AC%E5%8F%B8&pageSize=20&pageNum=1
482,/services/v3/open/lawsuit/detail?id=0b3eec23ea53478984decbe46d6e05bf
483,/services/v3/open/annualreport?keyword=%E5%8C%97%E4%BA%AC%E7%99%BE%E5%BA%A6%E7%BD%91%E8%AE%AF%E7%A7%91%E6%8A%80%E6%9C%89%E9%99%90%E5%85%AC%E5%8F%B8
485,/services/v3/open/icp?id=22822
486,/services/v3/open/court?pageSize=20&id=22822&pageNum=1
487,/services/v3/open/tm?id=22822
488,/services/v3/open/allTm?id=22822
489,/services/v3/open/base?keyword=11684584&id=11684584
490,/services/v3/open/edt?keyword=22822&id=22822&name=%E5%8C%97%E4%BA%AC%E7%99%BE%E5%BA%A6%E7%BD%91%E8%AE%AF%E7%A7%91%E6%8A%80%E6%9C%89%E9%99%90%E5%85%AC%E5%8F%B8
491,/services/v3/open/boss/detail
492,/services/v3/open/w/companydetail?keyword=%E5%8C%97%E4%BA%AC%E7%99%BE%E5%BA%A6%E7%BD%91%E8%AE%AF%E7%A7%91%E6%8A%80%E6%9C%89%E9%99%90%E5%85%AC%E5%8F%B8&id=22822
493,/services/v3/open/w/detail?keyword=22822&name=%E5%8C%97%E4%BA%AC%E7%99%BE%E5%BA%A6%E7%BD%91%E8%AE%AF%E7%A7%91%E6%8A%80%E6%9C%89%E9%99%90%E5%85%AC%E5%8F%B8
494,/services/v3/open/employments?name=%E5%8C%97%E4%BA%AC%E7%99%BE%E5%BA%A6%E7%BD%91%E8%AE%AF%E7%A7%91%E6%8A%80%E6%9C%89%E9%99%90%E5%85%AC%E5%8F%B8&id=22822&pageNum=1&pageSize=20
495,/services/v3/open/patents?name=%E5%8C%97%E4%BA%AC%E7%99%BE%E5%BA%A6%E7%BD%91%E8%AE%AF%E7%A7%91%E6%8A%80%E6%9C%89%E9%99%90%E5%85%AC%E5%8F%B8&pageNum=1&pageSize=20
496,/services/v3/open/allPatents
497,/services/v3/open/bids?name=%E5%8C%97%E4%BA%AC%E7%99%BE%E5%BA%A6%E7%BD%91%E8%AE%AF%E7%A7%91%E6%8A%80%E6%9C%89%E9%99%90%E5%85%AC%E5%8F%B8&id=22822&pageNum=1&pageSize=20
498,/services/v3/open/copyrights?name=%E8%A5%BF%E5%AE%89%E7%BA%AC%E5%88%9B%E4%BF%A1%E6%81%AF%E6%8A%80%E6%9C%AF%E6%9C%89%E9%99%90%E5%85%AC%E5%8F%B8&pageNum=1&pageSize=20
499,/services/v3/open/allCopyrights?id=2318455639&name=%E5%8C%97%E4%BA%AC%E9%87%91%E5%A0%A4%E7%A7%91%E6%8A%80%E6%9C%89%E9%99%90%E5%85%AC%E5%8F%B8&pageNum=1&pageSize=20
500,/services/v3/open/Illegal?pageSize=20&keyword=%E5%9B%9B%E5%B7%9D%E5%B1%95%E4%BD%B3%E7%A9%BA%E8%B0%83%E5%B7%A5%E7%A8%8B%E6%9C%89%E9%99%90%E5%85%AC%E5%8F%B8%E6%B7%B1%E5%9C%B3%E5%88%86%E5%85%AC%E5%8F%B8&pageNum=1
501,/services/v3/open/dishonest?pageSize=20&name=%E5%A4%A9%E6%B4%A5%E5%B8%82%E7%BA%A2%E5%AE%9D%E7%9F%B3%E5%95%86%E5%8A%A1%E5%AE%BE%E9%A6%86%E6%9C%89%E9%99%90%E5%85%AC%E5%8F%B8&pageNum=1
502,/services/v3/open/bonds?name=%E5%98%89%E5%85%B4%E9%93%B6%E8%A1%8C%E8%82%A1%E4%BB%BD%E6%9C%89%E9%99%90%E5%85%AC%E5%8F%B8&id=78931523&pageNum=1&pageSize=20
503,/services/v3/open/suggest
504,/services/v3/open/suggestDetail
505,/services/v3/open/suggestDetailByName?keyword=144003285&name=%E4%B8%AD%E5%9B%BD%E6%B0%91%E7%94%9F%E9%93%B6%E8%A1%8C%E8%82%A1%E4%BB%BD%E6%9C%89%E9%99%90%E5%85%AC%E5%8F%B8
506,/services/v3/open/searchV2
507,/services/v3/open/companyEquity?name=%E5%8C%97%E4%BA%AC%E7%99%BE%E5%BA%A6%E7%BD%91%E8%AE%AF%E7%A7%91%E6%8A%80%E6%9C%89%E9%99%90%E5%85%AC%E5%8F%B8&pageSize=20&id=22822&pageNum=1
508,/services/v3/open/companyMortgage?name=%E8%AE%B7%E6%B2%B3%E5%B8%82%E4%B8%B0%E7%9B%9B%E7%8E%B0%E4%BB%A3%E5%86%9C%E4%B8%9A%E5%86%9C%E6%9C%BA%E4%B8%93%E4%B8%9A%E5%90%88%E4%BD%9C%E7%A4%BE&pageSize=20&id=2337686417&pageNum=1
509,/services/v3/open/punishment?name=%E5%8C%97%E4%BA%AC%E7%99%BE%E5%BA%A6%E7%BD%91%E8%AE%AF%E7%A7%91%E6%8A%80%E6%9C%89%E9%99%90%E5%85%AC%E5%8F%B8&pageSize=20&id=22822&pageNum=1
510,/services/v3/open/checkInfoList?name=%E5%8C%97%E4%BA%AC%E7%99%BE%E5%BA%A6%E7%BD%91%E8%AE%AF%E7%A7%91%E6%8A%80%E6%9C%89%E9%99%90%E5%85%AC%E5%8F%B8&id=22822&pageNum=1&pageSize=20
511,/services/v3/open/qimingpian
512,/services/v3/open/simpleCopy
513,/services/v3/open/qimingpian/company
514,/services/v3/open/abnormalInfo?name=%E6%B9%96%E5%8D%97%E7%91%9E%E6%BA%90%E7%94%9F%E7%89%A9%E5%8C%BB%E8%8D%AF%E7%A7%91%E6%8A%80%E6%9C%89%E9%99%90%E5%85%AC%E5%8F%B8&pageSize=20&id=1073117874&pageNum=1
515,/services/v3/open/changeInfo?id=22822&name=%E5%8C%97%E4%BA%AC%E7%99%BE%E5%BA%A6%E7%BD%91%E8%AE%AF%E7%A7%91%E6%8A%80%E6%9C%89%E9%99%90%E5%85%AC%E5%8F%B8
516,/services/v3/open/detail/dt
517,/services/v3/open/searchV3
518,/services/v3/open/qimingpian/search
519,/services/v3/open/hdbk/detail
520,/services/v3/open/allDetail
521,/services/v3/open/allDetail2
522,/services/v3/open/maimai/detail
523,/services/v3/open/holder
524,/services/v3/open/companyInfo
525,/services/v3/open/seniorExecutive?name=%E6%B7%B1%E5%9C%B3%E5%B8%82%E6%8C%AF%E4%B8%9A%EF%BC%88%E9%9B%86%E5%9B%A2%EF%BC%89%E8%82%A1%E4%BB%BD%E6%9C%89%E9%99%90%E5%85%AC%E5%8F%B8&pageSize=20&pageNum=1
526,/services/v3/open/holdingCompany
527,/services/v3/open/shareholder
528,/services/v3/open/shyd/detail
529,/services/v3/openbk/detail
530,/services/v3/openbk/detailV2
531,/services/v3/openvip/byname
532,/services/v3/openvip/byidcard
533,/services/v3/open/findHistoryRongzi
534,/services/v3/open/findTeamMember
535,/services/v3/open/getProductInfo
536,/services/v3/open/findTzanli
537,/services/v3/open/findJingpin
538,/services/v3/open/baseinfo?keyword=11684584&name=%E4%B8%AD%E8%88%AA%E9%87%8D%E6%9C%BA%E8%82%A1%E4%BB%BD%E6%9C%89%E9%99%90%E5%85%AC%E5%8F%B8
539,/services/v3/open360/dishonest360MappingId
540,/services/v3/open360/incre
541,/services/v3/open360/special
542,/services/v3/open/report/company
543,/services/v3/open/report/human
545,/services/v3/newopen/search
546,/services/v3/newopen/baseinfoV2?keyword=11684584&id=11684584&name=%E4%B8%AD%E8%88%AA%E9%87%8D%E6%9C%BA%E8%82%A1%E4%BB%BD%E6%9C%89%E9%99%90%E5%85%AC%E5%8F%B8
547,/services/v3/newopen/baseinfoV3?keyword=11684584&id=11684584&name=%E4%B8%AD%E8%88%AA%E9%87%8D%E6%9C%BA%E8%82%A1%E4%BB%BD%E6%9C%89%E9%99%90%E5%85%AC%E5%8F%B8
548,/services/v3/newopen/staff?id=22822&name=%E5%8C%97%E4%BA%AC%E7%99%BE%E5%BA%A6%E7%BD%91%E8%AE%AF%E7%A7%91%E6%8A%80%E6%9C%89%E9%99%90%E5%85%AC%E5%8F%B8&pageNum=1&pageSize=20
549,/services/v3/newopen/holder
550,/services/v3/newopen/inverst
551,/services/v3/newopen/changeinfo?id=22822&name=%E5%8C%97%E4%BA%AC%E7%99%BE%E5%BA%A6%E7%BD%91%E8%AE%AF%E7%A7%91%E6%8A%80%E6%9C%89%E9%99%90%E5%85%AC%E5%8F%B8&pageNum=1&pageSize=20
552,/services/v3/newopen/annualreport?keyword=%E5%8C%97%E4%BA%AC%E7%99%BE%E5%BA%A6%E7%BD%91%E8%AE%AF%E7%A7%91%E6%8A%80%E6%9C%89%E9%99%90%E5%85%AC%E5%8F%B8
553,/services/v3/newopen/branch?keyword=22822&id=22822&name=%E5%8C%97%E4%BA%AC%E7%99%BE%E5%BA%A6%E7%BD%91%E8%AE%AF%E7%A7%91%E6%8A%80%E6%9C%89%E9%99%90%E5%85%AC%E5%8F%B8&pageNum=1&pageSize=20
554,/services/v3/newopen/findHistoryRongzi
555,/services/v3/newopen/findTeamMember
556,/services/v3/newopen/getProductInfo
557,/services/v3/newopen/findTzanli
558,/services/v3/newopen/findJingpin
559,/services/v3/newopen/lawSuit?name=%E5%8C%97%E4%BA%AC%E7%99%BE%E5%BA%A6%E7%BD%91%E8%AE%AF%E7%A7%91%E6%8A%80%E6%9C%89%E9%99%90%E5%85%AC%E5%8F%B8&pageSize=20&pageNum=1
560,/services/v3/newopen/courtAnnouncement?name=%E5%8C%97%E4%BA%AC%E7%99%BE%E5%BA%A6%E7%BD%91%E8%AE%AF%E7%A7%91%E6%8A%80%E6%9C%89%E9%99%90%E5%85%AC%E5%8F%B8&pageSize=20&pageNum=1
561,/services/v3/newopen/dishonest?name=%E5%A4%A9%E6%B4%A5%E4%BF%A1%E8%A3%95%E6%88%BF%E5%9C%B0%E4%BA%A7%E5%8F%91%E5%B1%95%E6%9C%89%E9%99%90%E5%85%AC%E5%8F%B8&pageSize=20&pageNum=1
562,/services/v3/newopen/zhixinginfo?name=%E5%8C%97%E4%BA%AC%E7%99%BE%E5%BA%A6%E7%BD%91%E8%AE%AF%E7%A7%91%E6%8A%80%E6%9C%89%E9%99%90%E5%85%AC%E5%8F%B8&pageSize=20&id=22822&pageNum=1
563,/services/v3/newopen/abnormal?name=%E6%B9%96%E5%8D%97%E7%91%9E%E6%BA%90%E7%94%9F%E7%89%A9%E5%8C%BB%E8%8D%AF%E7%A7%91%E6%8A%80%E6%9C%89%E9%99%90%E5%85%AC%E5%8F%B8&pageSize=20&id=1073117874&pageNum=1
564,/services/v3/newopen/punishmentInfo?name=%E5%8C%97%E4%BA%AC%E7%99%BE%E5%BA%A6%E7%BD%91%E8%AE%AF%E7%A7%91%E6%8A%80%E6%9C%89%E9%99%90%E5%85%AC%E5%8F%B8&pageSize=20&id=22822&pageNum=1
565,/services/v3/newopen/illegalinfo?name=%E5%9B%9B%E5%B7%9D%E5%B1%95%E4%BD%B3%E7%A9%BA%E8%B0%83%E5%B7%A5%E7%A8%8B%E6%9C%89%E9%99%90%E5%85%AC%E5%8F%B8%E6%B7%B1%E5%9C%B3%E5%88%86%E5%85%AC%E5%8F%B8&pageSize=20&id=2328347771&pageNum=1
566,/services/v3/newopen/equityInfo?name=%E5%8C%97%E4%BA%AC%E7%99%BE%E5%BA%A6%E7%BD%91%E8%AE%AF%E7%A7%91%E6%8A%80%E6%9C%89%E9%99%90%E5%85%AC%E5%8F%B8&pageSize=20&id=22822&pageNum=1
567,/services/v3/newopen/mortgageInfo?name=%E8%AE%B7%E6%B2%B3%E5%B8%82%E4%B8%B0%E7%9B%9B%E7%8E%B0%E4%BB%A3%E5%86%9C%E4%B8%9A%E5%86%9C%E6%9C%BA%E4%B8%93%E4%B8%9A%E5%90%88%E4%BD%9C%E7%A4%BE%E5%8F%B8&pageSize=20&id=2337686417&pageNum=1
568,/services/v3/newopen/ownTax?name=%E9%9D%92%E6%B5%A6%E7%99%BD%E9%B9%A4%E5%BB%BA%E6%96%B0%E7%9F%B3%E6%9D%90%E7%BB%8F%E8%90%A5%E9%83%A8&pageSize=20&id=3067496862&pageNum=1
569,/services/v3/newopen/bids?name=%E5%8C%97%E4%BA%AC%E7%99%BE%E5%BA%A6%E7%BD%91%E8%AE%AF%E7%A7%91%E6%8A%80%E6%9C%89%E9%99%90%E5%85%AC%E5%8F%B8&id=22822&pageNum=1&pageSize=20
570,/services/v3/newopen/bond?name=%E5%98%89%E5%85%B4%E9%93%B6%E8%A1%8C%E8%82%A1%E4%BB%BD%E6%9C%89%E9%99%90%E5%85%AC%E5%8F%B8&id=78931523&pageNum=1&pageSize=20
571,/services/v3/newopen/purchaseLand?name=%E9%87%91%E5%9C%B0%EF%BC%88%E9%9B%86%E5%9B%A2%EF%BC%89%E8%82%A1%E4%BB%BD%E6%9C%89%E9%99%90%E5%85%AC%E5%8F%B8&id=8863903&pageNum=1&pageSize=20
572,/services/v3/newopen/employments?name=%E5%8C%97%E4%BA%AC%E7%99%BE%E5%BA%A6%E7%BD%91%E8%AE%AF%E7%A7%91%E6%8A%80%E6%9C%89%E9%99%90%E5%85%AC%E5%8F%B8&id=22822&pageNum=1&pageSize=20
573,/services/v3/newopen/taxCredit?name=%E5%8C%97%E4%BA%AC%E7%99%BE%E5%BA%A6%E7%BD%91%E8%AE%AF%E7%A7%91%E6%8A%80%E6%9C%89%E9%99%90%E5%85%AC%E5%8F%B8&id=22822&pageNum=1&pageSize=20
574,/services/v3/newopen/checkInfo?name=%E5%8C%97%E4%BA%AC%E7%99%BE%E5%BA%A6%E7%BD%91%E8%AE%AF%E7%A7%91%E6%8A%80%E6%9C%89%E9%99%90%E5%85%AC%E5%8F%B8&id=22822&pageNum=1&pageSize=20
575,/services/v3/newopen/appbkInfo?name=%E5%8C%97%E4%BA%AC%E7%99%BE%E5%BA%A6%E7%BD%91%E8%AE%AF%E7%A7%91%E6%8A%80%E6%9C%89%E9%99%90%E5%85%AC%E5%8F%B8&id=22822&pageNum=1&pageSize=20
576,/services/v3/newopen/qualification?keyword=9746245&id=9746245&name=%E4%B8%AD%E5%85%B4%E9%80%9A%E8%AE%AF%E8%82%A1%E4%BB%BD%E6%9C%89%E9%99%90%E5%85%AC%E5%8F%B8&pageNum=1&pageSize=20
577,/services/v3/newopen/tm?keyword=22822&id=22822&name=%E5%8C%97%E4%BA%AC%E7%99%BE%E5%BA%A6%E7%BD%91%E8%AE%AF%E7%A7%91%E6%8A%80%E6%9C%89%E9%99%90%E5%85%AC%E5%8F%B8&pageNum=1&pageSize=20
578,/services/v3/newopen/patents?keyword=22822&id=22822&name=%E5%8C%97%E4%BA%AC%E7%99%BE%E5%BA%A6%E7%BD%91%E8%AE%AF%E7%A7%91%E6%8A%80%E6%9C%89%E9%99%90%E5%85%AC%E5%8F%B8&pageNum=1&pageSize=20
579,/services/v3/newopen/copyReg?id=22822&name=%E5%8C%97%E4%BA%AC%E7%99%BE%E5%BA%A6%E7%BD%91%E8%AE%AF%E7%A7%91%E6%8A%80%E6%9C%89%E9%99%90%E5%85%AC%E5%8F%B8&pageNum=1&pageSize=20
580,/services/v3/newopen/icp?id=35671375&name=%E3%80%8A%E4%B8%AD%E5%9B%BD%E6%96%B0%E8%8D%AF%E6%9D%82%E5%BF%97%E3%80%8B%E6%9C%89%E9%99%90%E5%85%AC%E5%8F%B8
581,/services/v3/newopen/volatility?name=%E5%B9%B3%E5%AE%89%E9%93%B6%E8%A1%8C%E8%82%A1%E4%BB%BD%E6%9C%89%E9%99%90%E5%85%AC%E5%8F%B8&id=199557844
582,/services/v3/newopen/companyInfo?name=%E6%B7%B1%E5%9C%B3%E5%B8%82%E6%8C%AF%E4%B8%9A%EF%BC%88%E9%9B%86%E5%9B%A2%EF%BC%89%E8%82%A1%E4%BB%BD%E6%9C%89%E9%99%90%E5%85%AC%E5%8F%B8&id=485568977
583,/services/v3/newopen/seniorExecutive?name=%E6%B7%B1%E5%9C%B3%E5%B8%82%E6%8C%AF%E4%B8%9A%EF%BC%88%E9%9B%86%E5%9B%A2%EF%BC%89%E8%82%A1%E4%BB%BD%E6%9C%89%E9%99%90%E5%85%AC%E5%8F%B8&pageSize=20&id=485568977&pageNum=1
584,/services/v3/newopen/holdingCompany?name=%E6%B7%B1%E5%9C%B3%E5%B8%82%E6%8C%AF%E4%B8%9A%EF%BC%88%E9%9B%86%E5%9B%A2%EF%BC%89%E8%82%A1%E4%BB%BD%E6%9C%89%E9%99%90%E5%85%AC%E5%8F%B8&pageSize=20&id=485568977&pageNum=1
585,/services/v3/newopen/announcement?name=%E6%B7%B1%E5%9C%B3%E5%B8%82%E6%8C%AF%E4%B8%9A%EF%BC%88%E9%9B%86%E5%9B%A2%EF%BC%89%E8%82%A1%E4%BB%BD%E6%9C%89%E9%99%90%E5%85%AC%E5%8F%B8&pageSize=20&id=485568977&pageNum=1
586,/services/v3/newopen/shareholder?name=%E6%B7%B1%E5%9C%B3%E5%B8%82%E6%8C%AF%E4%B8%9A%EF%BC%88%E9%9B%86%E5%9B%A2%EF%BC%89%E8%82%A1%E4%BB%BD%E6%9C%89%E9%99%90%E5%85%AC%E5%8F%B8&id=485568977&type=1
587,/services/v3/newopen/issueRelated?name=%E6%B7%B1%E5%9C%B3%E5%B8%82%E6%8C%AF%E4%B8%9A%EF%BC%88%E9%9B%86%E5%9B%A2%EF%BC%89%E8%82%A1%E4%BB%BD%E6%9C%89%E9%99%90%E5%85%AC%E5%8F%B8&id=485568977
588,/services/v3/newopen/shareStructure?name=%E6%B7%B1%E5%9C%B3%E5%B8%82%E6%8C%AF%E4%B8%9A%EF%BC%88%E9%9B%86%E5%9B%A2%EF%BC%89%E8%82%A1%E4%BB%BD%E6%9C%89%E9%99%90%E5%85%AC%E5%8F%B8&id=485568977
589,/services/v3/newopen/equityChange?name=%E6%B7%B1%E5%9C%B3%E5%B8%82%E6%8C%AF%E4%B8%9A%EF%BC%88%E9%9B%86%E5%9B%A2%EF%BC%89%E8%82%A1%E4%BB%BD%E6%9C%89%E9%99%90%E5%85%AC%E5%8F%B8&pageSize=20&id=485568977&pageNum=1
590,/services/v3/newopen/bonusInfo?name=%E6%B7%B1%E5%9C%B3%E5%B8%82%E6%8C%AF%E4%B8%9A%EF%BC%88%E9%9B%86%E5%9B%A2%EF%BC%89%E8%82%A1%E4%BB%BD%E6%9C%89%E9%99%90%E5%85%AC%E5%8F%B8&pageSize=20&id=485568977&pageNum=1
591,/services/v3/newopen/allotmen?name=%E6%B7%B1%E5%9C%B3%E5%B8%82%E6%8C%AF%E4%B8%9A%EF%BC%88%E9%9B%86%E5%9B%A2%EF%BC%89%E8%82%A1%E4%BB%BD%E6%9C%89%E9%99%90%E5%85%AC%E5%8F%B8&pageSize=20&id=485568977&pageNum=1
592,/services/v3/newopen/equityRatio
593,/services/v3/newopen/taxesCode?keyword=3349001834&name=%E4%B8%9C%E8%8E%9E%E5%B8%82%E6%98%A0%E5%B0%84%E7%A7%91%E6%8A%80%E6%9C%89%E9%99%90%E5%85%AC%E5%8F%B8
594,/services/v3/open/report/company/pdf/basic?companyName=%E5%8C%97%E4%BA%AC%E7%99%BE%E5%BA%A6%E7%BD%91%E8%AE%AF%E7%A7%91%E6%8A%80%E6%9C%89%E9%99%90%E5%85%AC%E5%8F%B8
595,/services/v3/open/report/company/word/basic
596,/services/v3/open/report/company/pdf/major?companyName=%E5%8C%97%E4%BA%AC%E7%99%BE%E5%BA%A6%E7%BD%91%E8%AE%AF%E7%A7%91%E6%8A%80%E6%9C%89%E9%99%90%E5%85%AC%E5%8F%B8
597,/services/v3/open/report/company/word/major?companyName=%E5%8C%97%E4%BA%AC%E7%99%BE%E5%BA%A6%E7%BD%91%E8%AE%AF%E7%A7%91%E6%8A%80%E6%9C%89%E9%99%90%E5%85%AC%E5%8F%B8
598,/services/v3/open/report/human/pdf/major?companyName=%E5%8C%97%E4%BA%AC%E7%99%BE%E5%BA%A6%E7%BD%91%E8%AE%AF%E7%A7%91%E6%8A%80%E6%9C%89%E9%99%90%E5%85%AC%E5%8F%B8&humanName=%E6%9D%8E%E5%BD%A6%E5%AE%8F
599,/services/v3/open/report/human/word/major?companyName=%E5%8C%97%E4%BA%AC%E7%99%BE%E5%BA%A6%E7%BD%91%E8%AE%AF%E7%A7%91%E6%8A%80%E6%9C%89%E9%99%90%E5%85%AC%E5%8F%B8&humanName=%E6%9D%8E%E5%BD%A6%E5%AE%8F
600,/services/v3/open/syjf/investtree
601,/services/v3/newopen/searchV2
602,/services/v3/open/user/balance
603,/services/v3/open/user/interface
604,/services/v3/open/user/statistics
605,/services/v3/open/gongshang
606,/services/v3/newopen/historyNames?keyword=696122112&name=%E8%B4%B5%E5%B7%9E%E8%8D%B7%E6%B3%B0%E9%9B%86%E5%9B%A2%E9%85%92%E4%B8%9A%E6%9C%89%E9%99%90%E5%85%AC%E5%8F%B8
607,/services/v3/newopen/publicWeChat?name=%E5%8C%97%E4%BA%AC%E7%99%BE%E5%BA%A6%E7%BD%91%E8%AE%AF%E7%A7%91%E6%8A%80%E6%9C%89%E9%99%90%E5%85%AC%E5%8F%B8&id=22822&pageNum=1&pageSize=20
608,/services/v3/newopen/xgbaseinfo?keyword=3077495166
609,/services/v3/newopen/creditChina?name=%E6%B1%9F%E8%8B%8F%E7%9C%81%E8%BF%9E%E4%BA%91%E6%B8%AF%E6%B1%BD%E8%BD%A6%E8%BF%90%E8%BE%93%E6%9C%89%E9%99%90%E5%85%AC%E5%8F%B8&pageSize=20&id=2324446183&pageNum=1
610,/services/v3/newopen/importAndExport?name=%E7%8F%A0%E6%B5%B7%E5%B8%82%E4%BC%98%E9%9A%86%E8%B4%B8%E6%98%93%E6%9C%89%E9%99%90%E5%85%AC%E5%8F%B8&id=2352946528
611,/services/v3/newopen/judicialSale?name=%E5%B8%B8%E5%B7%9E%E5%B8%82%E6%AD%A6%E8%BF%9B%E5%8C%BA%E9%93%B6%E9%80%9A%E5%86%9C%E6%9D%91%E5%B0%8F%E9%A2%9D%E8%B4%B7%E6%AC%BE%E8%82%A1%E4%BB%BD%E6%9C%89%E9%99%90%E5%85%AC%E5%8F%B8&pageSize=20&id=2349508353&pageNum=1
612,/services/v3/newopen/ktannouncement?name=%E5%8C%97%E4%BA%AC%E7%99%BE%E5%BA%A6%E7%BD%91%E8%AE%AF%E7%A7%91%E6%8A%80%E6%9C%89%E9%99%90%E5%85%AC%E5%8F%B8&id=22822&pageNum=1&pageSize=20
613,/services/v3/newopen/certificate?name=%E5%8C%97%E4%BA%AC%E7%99%BE%E5%BA%A6%E7%BD%91%E8%AE%AF%E7%A7%91%E6%8A%80%E6%9C%89%E9%99%90%E5%85%AC%E5%8F%B8&id=22822&pageNum=1&pageSize=20
614,/services/v3/newopen/riskInfo?name=%E5%8C%97%E4%BA%AC%E7%99%BE%E5%BA%A6%E7%BD%91%E8%AE%AF%E7%A7%91%E6%8A%80%E6%9C%89%E9%99%90%E5%85%AC%E5%8F%B8&id=22822
615,/services/v3/newopen/riskDetail?pageSize=20&id=22822&pageNum=1
616,/services/v3/newopen/humanRiskInfo?hid=2020172991&name=%E5%8C%97%E4%BA%AC%E7%99%BE%E5%BA%A6%E7%BD%91%E8%AE%AF%E7%A7%91%E6%8A%80%E6%9C%89%E9%99%90%E5%85%AC%E5%8F%B8&humanName=%E6%A2%81%E5%BF%97%E7%A5%A5&cid=22822
617,/services/v3/open/getCompanyBylawsuit?caseno=%EF%BC%882016%EF%BC%89%E6%B2%AA73%E6%B0%91%E8%BE%96%E7%BB%88346%E5%8F%B7
618,/services/v3/open/report/company/pdf/major2?companyName=%E5%8C%97%E4%BA%AC%E7%99%BE%E5%BA%A6%E7%BD%91%E8%AE%AF%E7%A7%91%E6%8A%80%E6%9C%89%E9%99%90%E5%85%AC%E5%8F%B8
619,/services/v3/open/report/company/word/major2
620,/services/v3/open/allDetail3
621,/services/v3/open/push
622,/services/v3/newopen/logo?name=%E5%8C%97%E4%BA%AC%E7%99%BE%E5%BA%A6%E7%BD%91%E8%AE%AF%E7%A7%91%E6%8A%80%E6%9C%89%E9%99%90%E5%85%AC%E5%8F%B8
623,/services/v3/newopen/yjzx/search
624,/services/v3/newopen/relationship
625,/services/v3/newopen/description?hid=1984012283&humanName=%E6%9D%8E%E5%BD%A6%E5%AE%8F&cid=22822&name=%E5%8C%97%E4%BA%AC%E7%99%BE%E5%BA%A6%E7%BD%91%E8%AE%AF%E7%A7%91%E6%8A%80%E6%9C%89%E9%99%90%E5%85%AC%E5%8F%B8
626,/services/v3/newopen/roles?hid=1984012283&humanName=%E6%9D%8E%E5%BD%A6%E5%AE%8F&name=%E5%8C%97%E4%BA%AC%E7%99%BE%E5%BA%A6%E7%BD%91%E8%AE%AF%E7%A7%91%E6%8A%80%E6%9C%89%E9%99%90%E5%85%AC%E5%8F%B8&cid=22822
627,/services/v3/newopen/allCompanys?hid=1984012283&humanName=%E6%9D%8E%E5%BD%A6%E5%AE%8F&name=%E5%8C%97%E4%BA%AC%E7%99%BE%E5%BA%A6%E7%BD%91%E8%AE%AF%E7%A7%91%E6%8A%80%E6%9C%89%E9%99%90%E5%85%AC%E5%8F%B8&cid=22822
628,/services/v3/newopen/partners?hid=1984012283&humanName=%E6%9D%8E%E5%BD%A6%E5%AE%8F&name=%E5%8C%97%E4%BA%AC%E7%99%BE%E5%BA%A6%E7%BD%91%E8%AE%AF%E7%A7%91%E6%8A%80%E6%9C%89%E9%99%90%E5%85%AC%E5%8F%B8&cid=22822
629,/services/v3/newopen/xgbaseinfoV2
630,/services/v4/open/proximity?regStatus=%E5%9C%A8%E4%B8%9A&distance=10&latitude=40.05685561073758&longtitude=116.30775539540981&pageSize=20&pageNum=1
632,/services/v4/open/logo?keyword=%E5%8C%97%E4%BA%AC%E7%99%BE%E5%BA%A6%E7%BD%91%E8%AE%AF%E7%A7%91%E6%8A%80%E6%9C%89%E9%99%90%E5%85%AC%E5%8F%B8
633,/services/v4/open/match?name=%E5%8C%97%E4%BA%AC%E7%99%BE%E5%BA%A6%E7%BD%91%E8%AE%AF%E7%A7%91%E6%8A%80%E6%9C%89%E9%99%90%E5%85%AC%E5%8F%B8&keyword=91110000802100433B
634,/services/v4/open/zjs/search
635,/services/v4/open/isExist?id=22822
636,/services/v4/open/page/searchV2
637,/services/v4/open/relationByhuman
638,/services/v4/open/relation
639,/services/v3/open/jdwx/tm
727,/services/v4/open/qmp/publicWeChat?id=58&pageNum=1&pageSize=20
729,/
730,/services/v3/newopen/baseinfo?keyword=11684584&id=11684584&name=%E4%B8%AD%E8%88%AA%E9%87%8D%E6%9C%BA%E8%82%A1%E4%BB%BD%E6%9C%89%E9%99%90%E5%85%AC%E5%8F%B8
731,/services/v4/open/publicWeChat?pageSize=20&keyword=%E5%8C%97%E4%BA%AC%E7%99%BE%E5%BA%A6%E7%BD%91%E8%AE%AF%E7%A7%91%E6%8A%80%E6%9C%89%E9%99%90%E5%85%AC%E5%8F%B8&pageNum=1
733,/services/v4/open/copyRegWorks?name=%E5%8C%97%E4%BA%AC%E7%99%BE%E5%BA%A6%E7%BD%91%E8%AE%AF%E7%A7%91%E6%8A%80%E6%9C%89%E9%99%90%E5%85%AC%E5%8F%B8&id=22822&pageNum=1&pageSize=20
734,null/
735,/services/v4/open/suggestByRegion?city=%E5%8C%97%E4%BA%AC&word=%E7%99%BE%E5%BA%A6&base=bj
736,/services/v4/open/getCompanyByCode?code=91520000214434146R
737,/services/v4/open/getCompanyLicense?name=%E5%8C%97%E4%BA%AC%E7%99%BE%E5%BA%A6%E7%BD%91%E8%AE%AF%E7%A7%91%E6%8A%80%E6%9C%89%E9%99%90%E5%85%AC%E5%8F%B8&id=22822&pageNum=1&pageSize=20
739,/services/v4/open/isExistCompany?word=%E5%8C%97%E4%BA%AC%E7%99%BE%E5%BA%A6%E7%BD%91%E8%AE%AF%E7%A7%91%E6%8A%80%E6%9C%89%E9%99%90%E5%85%AC%E5%8F%B8
741,/services/v4/open/bankinfo?name=%E6%B5%99%E6%B1%9F%E6%98%B1%E8%BE%89%E9%98%B3%E5%85%89%E8%83%BD%E6%BA%90%E6%9C%89%E9%99%90%E5%85%AC%E5%8F%B8
743,/services/v4/open/brandIntro?id=b6bc016381
744,/services/v4/open/tags?id=b6bc016381
745,/services/v4/open/searchBrandAndAgency?word=%E7%99%BE%E5%BA%A6
746,/services/v4/open/humanholding?name=%E4%B9%90%E8%A7%86%E6%8A%95%E8%B5%84%E7%AE%A1%E7%90%86%EF%BC%88%E5%8C%97%E4%BA%AC%EF%BC%89%E6%9C%89%E9%99%90%E5%85%AC%E5%8F%B8&id=11613216&pageNum=1
747,/services/v4/open/companyholding?pageSize=20&keyword=%E5%8C%97%E4%BA%AC%E7%99%BE%E5%BA%A6%E7%BD%91%E8%AE%AF%E7%A7%91%E6%8A%80%E6%9C%89%E9%99%90%E5%85%AC%E5%8F%B8&pageNum=1
748,/services/v4/open/pushCompany?name=%E5%8C%97%E4%BA%AC%E7%99%BE%E5%BA%A6%E7%BD%91%E8%AE%AF%E7%A7%91%E6%8A%80%E6%9C%89%E9%99%90%E5%85%AC%E5%8F%B8
750,null/
751,/services/v4/open/searchAnnouncement?code=000001&contentMustNot=%E5%B9%B4%E6%8A%A5&titleMustNot=%E5%B9%B4%E6%8A%A5&contentMust=%E5%B9%B4%E6%8A%A5&startTime=2018-02-01&sort=0&endTime=2018-08-03&titleShould=%E5%B9%B4%E6%8A%A5&word=%E5%B9%B4%E6%8A%A5&pageNum=1&titleMust=%E5%B9%B4%E6%8A%A5&contentShould=%E5%B9%B4%E6%8A%A5
752,/services/v4/open/suggestByCode?word=000
753,/services/v4/open/searchHits?code=000001&contentMustNot=%E5%B9%B4%E6%8A%A5&titleMustNot=%E5%B9%B4%E6%8A%A5&contentMust=%E5%B9%B4%E6%8A%A5&startTime=2018-02-01&sort=0&endTime=2018-08-03&titleShould=%E5%B9%B4%E6%8A%A5&word=%E5%B9%B4%E6%8A%A5&pageNum=1&titleMust=%E5%B9%B4%E6%8A%A5&contentShould=%E5%B9%B4%E6%8A%A5
754,/services/v4/open/latest?categoryGuobiao=L&pageSize=20&time=2018-09-25&pageNum=1&base=%E5%8C%97%E4%BA%AC
755,/services/v4/open/profile?keyword=%E5%8C%97%E4%BA%AC%E7%99%BE%E5%BA%A6%E7%BD%91%E8%AE%AF%E7%A7%91%E6%8A%80%E6%9C%89%E9%99%90%E5%85%AC%E5%8F%B8
756,/services/v4/open/judicial?pageSize=20&keyword=978740860&pageNum=1
757,/services/v4/open/getJudicialDetail?assistanceId=281114985578
758,/services/v4/open/liquidating?name=%E4%B8%8A%E6%B5%B7%E8%87%A3%E5%A0%83%E7%94%B5%E5%AD%90%E5%95%86%E5%8A%A1%E6%9C%89%E9%99%90%E5%85%AC%E5%8F%B8&id=2411972547
760,/services/v4/open/past/ic?keyword=22822&id=22822&name=%E5%8C%97%E4%BA%AC%E7%99%BE%E5%BA%A6%E7%BD%91%E8%AE%AF%E7%A7%91%E6%8A%80%E6%9C%89%E9%99%90%E5%85%AC%E5%8F%B8
761,/services/v4/open/past/holder?pageSize=20&id=22822&pageNum=1
762,/services/v4/open/past/invest?pageSize=20&id=22822&pageNum=1
763,/services/v4/open/past/announcement?pageSize=20&id=22822&pageNum=1
764,/services/v4/open/past/lawsuit?pageSize=20&id=22822&pageNum=1
765,/services/v4/open/past/court?pageSize=20&id=22822&pageNum=1
766,/services/v4/open/past/dishonest?name=%E5%A4%A9%E6%B4%A5%E5%B8%82%E7%BA%A2%E5%AE%9D%E7%9F%B3%E5%95%86%E5%8A%A1%E5%AE%BE%E9%A6%86%E6%9C%89%E9%99%90%E5%85%AC%E5%8F%B8&pageSize=20&pageNum=1
767,/services/v4/open/creditChinaV2?name=%E5%8C%97%E4%BA%AC%E7%99%BE%E5%BA%A6%E7%BD%91%E8%AE%AF%E7%A7%91%E6%8A%80%E6%9C%89%E9%99%90%E5%85%AC%E5%8F%B8&pageSize=20&id=22822&pageNum=1
768,/services/v4/open/past/zhixing?name=%E5%8C%97%E4%BA%AC%E7%99%BE%E5%BA%A6%E7%BD%91%E8%AE%AF%E7%A7%91%E6%8A%80%E6%9C%89%E9%99%90%E5%85%AC%E5%8F%B8&pageSize=20&id=22822&pageNum=1
769,/services/v4/open/past/punishment?name=%E5%8C%97%E4%BA%AC%E7%99%BE%E5%BA%A6%E7%BD%91%E8%AE%AF%E7%A7%91%E6%8A%80%E6%9C%89%E9%99%90%E5%85%AC%E5%8F%B8&pageSize=20&id=22822&pageNum=1
770,/services/v4/open/past/punishment/creditChina?name=%E5%8D%97%E4%BA%AC%E4%BA%BF%E9%AB%98%E5%BE%AE%E6%B3%A2%E7%B3%BB%E7%BB%9F%E5%B7%A5%E7%A8%8B%E6%9C%89%E9%99%90%E5%85%AC%E5%8F%B8&pageSize=20&id=2316286403&pageNum=1
771,/services/v4/open/past/equityInfo?name=%E5%8C%97%E4%BA%AC%E7%99%BE%E5%BA%A6%E7%BD%91%E8%AE%AF%E7%A7%91%E6%8A%80%E6%9C%89%E9%99%90%E5%85%AC%E5%8F%B8&pageSize=20&id=22822&pageNum=1
772,/services/v4/open/past/license?name=%E9%94%A6%E5%B7%9E%E5%B8%82%E4%B8%AD%E8%BF%9C%E6%97%85%E8%A1%8C%E7%A4%BE%E6%9C%89%E9%99%90%E8%B4%A3%E4%BB%BB%E5%85%AC%E5%8F%B8&pageSize=20&id=2319562440&pageNum=1
773,/services/v4/open/past/mortgageInfo?name=%E5%AB%A9%E6%B1%9F%E5%8E%BF%E6%9C%9D%E9%98%B3%E7%A7%8D%E6%A4%8D%E4%B8%93%E4%B8%9A%E5%90%88%E4%BD%9C%E7%A4%BE&pageSize=20&pageNum=1
776,/services/v4/open/searchV3?categoryGuobiao=759&areaCode=110108&word=%E7%99%BE%E5%BA%A6&pageNum=1
777,/services/v4/open/dishonestV2?name=%E5%A4%A9%E6%B4%A5%E4%BF%A1%E8%A3%95%E6%88%BF%E5%9C%B0%E4%BA%A7%E5%8F%91%E5%B1%95%E6%9C%89%E9%99%90%E5%85%AC%E5%8F%B8&pageNum=1
778,/services/v4/open/position?keyword=%E5%8C%97%E4%BA%AC%E6%AD%A3%E6%96%B9%E5%90%91%E6%B1%BD%E8%BD%A6%E7%A7%9F%E8%B5%81%E6%9C%89%E9%99%90%E5%85%AC%E5%8F%B8
779,/services/v4/open/djw/baseinfo?name=%E4%B8%AD%E8%88%AA%E9%87%8D%E6%9C%BA%E8%82%A1%E4%BB%BD%E6%9C%89%E9%99%90%E5%85%AC%E5%8F%B8
780,/services/v4/open/push/company?name=%E5%8C%97%E4%BA%AC%E7%99%BE%E5%BA%A6%E7%BD%91%E8%AE%AF%E7%A7%91%E6%8A%80%E6%9C%89%E9%99%90%E5%85%AC%E5%8F%B8&userId=asdjsa&key=dsadsad
782,/services/v4/open/employmentsV2?name=%E5%8C%97%E4%BA%AC%E7%99%BE%E5%BA%A6%E7%BD%91%E8%AE%AF%E7%A7%91%E6%8A%80%E6%9C%89%E9%99%90%E5%85%AC%E5%8F%B8&id=22822&pageNum=1&pageSize=20
783,/services/v4/open/oneKey/c?keyword=%E4%B8%AD%E8%88%AA%E9%87%8D%E6%9C%BA%E8%82%A1%E4%BB%BD%E6%9C%89%E9%99%90%E5%85%AC%E5%8F%B8
784,/services/v4/open/getLicense?name=%E5%8C%97%E4%BA%AC%E7%99%BE%E5%BA%A6%E7%BD%91%E8%AE%AF%E7%A7%91%E6%8A%80%E6%9C%89%E9%99%90%E5%85%AC%E5%8F%B8&id=22822&pageNum=1&pageSize=20
785,/services/v4/open/past/license/creditChina?name=%E5%8C%97%E4%BA%AC%E7%99%BE%E5%BA%A6%E7%BD%91%E8%AE%AF%E7%A7%91%E6%8A%80%E6%9C%89%E9%99%90%E5%85%AC%E5%8F%B8&id=22822&pageNum=1&pageSize=20
786,/services/v4/open/past/punishment/creditChinaV2?name=%E5%8C%97%E4%BA%AC%E7%99%BE%E5%BA%A6%E7%BD%91%E8%AE%AF%E7%A7%91%E6%8A%80%E6%9C%89%E9%99%90%E5%85%AC%E5%8F%B8&pageSize=20&id=22822&pageNum=1
787,/services/v4/open/changeinfoV2?name=%E5%8C%97%E4%BA%AC%E7%99%BE%E5%BA%A6%E7%BD%91%E8%AE%AF%E7%A7%91%E6%8A%80%E6%9C%89%E9%99%90%E5%85%AC%E5%8F%B8&id=22822&pageNum=1&pageSize=20
791,/services/v4/open/purchaseLandV2?name=%E9%87%91%E5%9C%B0%EF%BC%88%E9%9B%86%E5%9B%A2%EF%BC%89%E8%82%A1%E4%BB%BD%E6%9C%89%E9%99%90%E5%85%AC%E5%8F%B8&id=8863903&pageNum=1&pageSize=20
792,/services/v4/open/announcementV2?name=%E6%B7%B1%E5%9C%B3%E5%B8%82%E6%8C%AF%E4%B8%9A%EF%BC%88%E9%9B%86%E5%9B%A2%EF%BC%89%E8%82%A1%E4%BB%BD%E6%9C%89%E9%99%90%E5%85%AC%E5%8F%B8&pageSize=20&id=485568977&pageNum=1
794,/services/v4/open/dishonestV3?areaName=%E5%B9%BF%E4%B8%9C&name=%E5%90%B4%E6%B5%B7%E5%B3%B0&pageSize=20&pageNum=1&cardNo=3702061962
795,/services/v4/open/getPledgeReg?pageSize=20&keyword=%E5%B9%BF%E5%B7%9E%E7%AB%8B%E8%BE%BE%E5%B0%94%E7%94%9F%E7%89%A9%E7%A7%91%E6%8A%80%E8%82%A1%E4%BB%BD%E6%9C%89%E9%99%90%E5%85%AC%E5%8F%B8&pageNum=1
796,/services/v4/open/publicNotice?pageSize=20&keyword=%E5%B9%BF%E5%B7%9E%E7%AB%8B%E8%BE%BE%E5%B0%94%E7%94%9F%E7%89%A9%E7%A7%91%E6%8A%80%E8%82%A1%E4%BB%BD%E6%9C%89%E9%99%90%E5%85%AC%E5%8F%B8&pageNum=1
797,/services/v4/open/getLicenseCreditchina?name=%E4%B8%8A%E6%B5%B7%E7%BB%AA%E6%96%8C%E8%B4%B8%E6%98%93%E6%9C%89%E9%99%90%E5%85%AC%E5%8F%B8&id=2329413540&pageNum=1&pageSize=20
798,/services/v4/open/financialAnalysis?keyword=%E5%B9%B3%E5%AE%89%E9%93%B6%E8%A1%8C%E8%82%A1%E4%BB%BD%E6%9C%89%E9%99%90%E5%85%AC%E5%8F%B8
799,/services/v4/open/investEvent?name=%E7%99%BE%E5%BA%A6%E8%B5%84%E6%9C%AC&pageSize=20&pageNum=1
816,/services/open/search/2.0?word=%E5%8C%97%E4%BA%AC%E7%99%BE%E5%BA%A6%E7%BD%91%E8%AE%AF%E7%A7%91%E6%8A%80%E6%9C%89%E9%99%90%E5%85%AC%E5%8F%B8&pageSize=20&pageNum=1
817,/services/open/ic/baseinfo/2.0?keyword=%E4%B8%AD%E8%88%AA%E9%87%8D%E6%9C%BA%E8%82%A1%E4%BB%BD%E6%9C%89%E9%99%90%E5%85%AC%E5%8F%B8
818,/services/open/ic/baseinfoV2/2.0?keyword=%E4%B8%AD%E8%88%AA%E9%87%8D%E6%9C%BA%E8%82%A1%E4%BB%BD%E6%9C%89%E9%99%90%E5%85%AC%E5%8F%B8
819,/services/open/ic/baseinfoV3/2.0?keyword=%E4%B8%AD%E8%88%AA%E9%87%8D%E6%9C%BA%E8%82%A1%E4%BB%BD%E6%9C%89%E9%99%90%E5%85%AC%E5%8F%B8
820,/services/open/ic/staff/2.0?keyword=%E5%8C%97%E4%BA%AC%E7%99%BE%E5%BA%A6%E7%BD%91%E8%AE%AF%E7%A7%91%E6%8A%80%E6%9C%89%E9%99%90%E5%85%AC%E5%8F%B8&pageNum=1&pageSize=20
821,/services/open/ic/holder/2.0?pageSize=20&keyword=%E5%8C%97%E4%BA%AC%E7%99%BE%E5%BA%A6%E7%BD%91%E8%AE%AF%E7%A7%91%E6%8A%80%E6%9C%89%E9%99%90%E5%85%AC%E5%8F%B8&pageNum=1
822,/services/open/ic/changeinfo/2.0?keyword=%E5%8C%97%E4%BA%AC%E7%99%BE%E5%BA%A6%E7%BD%91%E8%AE%AF%E7%A7%91%E6%8A%80%E6%9C%89%E9%99%90%E5%85%AC%E5%8F%B8&pageNum=1&pageSize=20
823,/services/open/ic/inverst/2.0?pageSize=20&keyword=%E5%8C%97%E4%BA%AC%E7%99%BE%E5%BA%A6%E7%BD%91%E8%AE%AF%E7%A7%91%E6%8A%80%E6%9C%89%E9%99%90%E5%85%AC%E5%8F%B8&pageNum=1
824,/services/open/ic/branch/2.0?keyword=%E5%8C%97%E4%BA%AC%E7%99%BE%E5%BA%A6%E7%BD%91%E8%AE%AF%E7%A7%91%E6%8A%80%E6%9C%89%E9%99%90%E5%85%AC%E5%8F%B8&pageNum=1&pageSize=20
825,/services/open/ic/annualreport/2.0?keyword=%E5%8C%97%E4%BA%AC%E7%99%BE%E5%BA%A6%E7%BD%91%E8%AE%AF%E7%A7%91%E6%8A%80%E6%9C%89%E9%99%90%E5%85%AC%E5%8F%B8
826,/services/open/cd/findHistoryRongzi/2.0?pageSize=20&keyword=%E5%8C%97%E4%BA%AC%E7%99%BE%E5%BA%A6%E7%BD%91%E8%AE%AF%E7%A7%91%E6%8A%80%E6%9C%89%E9%99%90%E5%85%AC%E5%8F%B8&pageNum=1
827,/services/open/cd/findTeamMember/2.0?pageSize=20&keyword=%E5%8C%97%E4%BA%AC%E7%99%BE%E5%BA%A6%E7%BD%91%E8%AE%AF%E7%A7%91%E6%8A%80%E6%9C%89%E9%99%90%E5%85%AC%E5%8F%B8&pageNum=1
828,/services/open/cd/getProductInfo/2.0?pageSize=20&keyword=%E5%8C%97%E4%BA%AC%E7%99%BE%E5%BA%A6%E7%BD%91%E8%AE%AF%E7%A7%91%E6%8A%80%E6%9C%89%E9%99%90%E5%85%AC%E5%8F%B8&pageNum=1
829,/services/open/cd/findTzanli/2.0?pageSize=20&keyword=%E5%8C%97%E4%BA%AC%E7%99%BE%E5%BA%A6%E7%BD%91%E8%AE%AF%E7%A7%91%E6%8A%80%E6%9C%89%E9%99%90%E5%85%AC%E5%8F%B8&pageNum=1
830,/services/open/cd/findJingpin/2.0?pageSize=20&keyword=%E5%8C%97%E4%BA%AC%E7%99%BE%E5%BA%A6%E7%BD%91%E8%AE%AF%E7%A7%91%E6%8A%80%E6%9C%89%E9%99%90%E5%85%AC%E5%8F%B8&pageNum=1
831,/services/open/cd/tags/2.0?id=b6bc016381
832,/services/open/cd/searchBrandAndAgency/2.0?word=%E7%99%BE%E5%BA%A6&pageSize=20&pageNum=1
833,/services/open/ipr/copyRegWorks/2.0?keyword=%E5%8C%97%E4%BA%AC%E7%99%BE%E5%BA%A6%E7%BD%91%E8%AE%AF%E7%A7%91%E6%8A%80%E6%9C%89%E9%99%90%E5%85%AC%E5%8F%B8&pageNum=1&pageSize=20
834,/services/open/ipr/publicWeChat/2.0?keyword=%E5%8C%97%E4%BA%AC%E7%99%BE%E5%BA%A6%E7%BD%91%E8%AE%AF%E7%A7%91%E6%8A%80%E6%9C%89%E9%99%90%E5%85%AC%E5%8F%B8&pageNum=1&pageSize=20
835,/services/open/ipr/icp/2.0?id=22822&name=%E5%8C%97%E4%BA%AC%E7%99%BE%E5%BA%A6%E7%BD%91%E8%AE%AF%E7%A7%91%E6%8A%80%E6%9C%89%E9%99%90%E5%85%AC%E5%8F%B8
836,/services/open/ipr/copyReg/2.0?keyword=%E5%8C%97%E4%BA%AC%E7%99%BE%E5%BA%A6%E7%BD%91%E8%AE%AF%E7%A7%91%E6%8A%80%E6%9C%89%E9%99%90%E5%85%AC%E5%8F%B8&pageNum=1&pageSize=20
837,/services/open/ipr/patents/2.0?pubDateBegin=2010-01-01&appDateBegin=2010-01-01&pageSize=20&pubDateEnd=2020-01-01&appDateEnd=2020-01-01&keyword=%E5%8C%97%E4%BA%AC%E7%99%BE%E5%BA%A6%E7%BD%91%E8%AE%AF%E7%A7%91%E6%8A%80%E6%9C%89%E9%99%90%E5%85%AC%E5%8F%B8&pageNum=1&patentType=1
838,/services/open/ipr/tm/2.0?appDateBegin=2010-01-01&pageSize=20&tmClass=29&appDateEnd=2020-01-01&keyword=%E5%8C%97%E4%BA%AC%E7%99%BE%E5%BA%A6%E7%BD%91%E8%AE%AF%E7%A7%91%E6%8A%80%E6%9C%89%E9%99%90%E5%85%AC%E5%8F%B8&pageNum=1&status=1
839,/services/open/jr/zhixinginfo/2.0?pageSize=20&keyword=%E6%B2%B3%E5%8C%97%E5%B1%95%E5%8F%91%E6%88%BF%E5%9C%B0%E4%BA%A7%E5%BC%80%E5%8F%91%E6%9C%89%E9%99%90%E5%85%AC%E5%8F%B8&pageNum=1
840,/services/open/jr/ktannouncement/2.0?pageSize=20&keyword=%E5%8C%97%E4%BA%AC%E7%99%BE%E5%BA%A6%E7%BD%91%E8%AE%AF%E7%A7%91%E6%8A%80%E6%9C%89%E9%99%90%E5%85%AC%E5%8F%B8&pageNum=1
841,/services/open/jr/courtAnnouncement/2.0?pageSize=20&keyword=%E5%8C%97%E4%BA%AC%E7%99%BE%E5%BA%A6%E7%BD%91%E8%AE%AF%E7%A7%91%E6%8A%80%E6%9C%89%E9%99%90%E5%85%AC%E5%8F%B8&pageNum=1
842,/services/open/jr/lawSuit/2.0?pageSize=20&keyword=%E5%8C%97%E4%BA%AC%E7%99%BE%E5%BA%A6%E7%BD%91%E8%AE%AF%E7%A7%91%E6%8A%80%E6%9C%89%E9%99%90%E5%85%AC%E5%8F%B8&pageNum=1
843,/services/open/jr/dishonest/2.0?keyword=%E6%81%A9%E6%96%BD%E9%91%AB%E5%9C%B0%E6%BA%90%E5%86%9C%E4%B8%9A%E5%BC%80%E5%8F%91%E6%9C%89%E9%99%90%E5%85%AC%E5%8F%B8&pageNum=1
844,/services/open/mr/mortgageInfo/2.0?pageSize=20&keyword=%E8%AE%B7%E6%B2%B3%E5%B8%82%E4%B8%B0%E7%9B%9B%E7%8E%B0%E4%BB%A3%E5%86%9C%E4%B8%9A%E5%86%9C%E6%9C%BA%E4%B8%93%E4%B8%9A%E5%90%88%E4%BD%9C%E7%A4%BE&pageNum=1
845,/services/open/mr/equityInfo/2.0?pageSize=20&keyword=%E5%86%85%E8%92%99%E5%8F%A4%E5%A4%A7%E8%8D%89%E5%8E%9F%E7%94%9F%E6%80%81%E4%BA%A7%E4%B8%9A%E6%8A%95%E8%B5%84%E6%9C%89%E9%99%90%E5%85%AC%E5%8F%B8&pageNum=1
846,/services/open/mr/illegalinfo/2.0?pageSize=20&keyword=%E5%9B%9B%E5%B7%9D%E5%B1%95%E4%BD%B3%E7%A9%BA%E8%B0%83%E5%B7%A5%E7%A8%8B%E6%9C%89%E9%99%90%E5%85%AC%E5%8F%B8%E6%B7%B1%E5%9C%B3%E5%88%86%E5%85%AC%E5%8F%B8&pageNum=1
847,/services/open/mr/punishmentInfo/2.0?pageSize=20&keyword=%E5%8C%97%E4%BA%AC%E7%99%BE%E5%BA%A6%E7%BD%91%E8%AE%AF%E7%A7%91%E6%8A%80%E6%9C%89%E9%99%90%E5%85%AC%E5%8F%B8&pageNum=1
848,/services/open/mr/abnormal/2.0?pageSize=20&keyword=%E4%B8%8A%E6%B5%B7%E9%97%BB%E5%B0%8F%E5%B9%B3%E5%8F%A3%E8%85%94%E8%AF%8A%E6%89%80&pageNum=1
849,/services/open/mr/liquidating/2.0?keyword=%E4%B8%8A%E6%B5%B7%E8%87%A3%E5%A0%83%E7%94%B5%E5%AD%90%E5%95%86%E5%8A%A1%E6%9C%89%E9%99%90%E5%85%AC%E5%8F%B8
850,/services/open/mr/judicialSale/2.0?pageSize=20&keyword=%E5%B8%B8%E5%B7%9E%E5%B8%82%E6%AD%A6%E8%BF%9B%E5%8C%BA%E9%93%B6%E9%80%9A%E5%86%9C%E6%9D%91%E5%B0%8F%E9%A2%9D%E8%B4%B7%E6%AC%BE%E8%82%A1%E4%BB%BD%E6%9C%89%E9%99%90%E5%85%AC%E5%8F%B8&pageNum=1
851,/services/open/mr/ownTax/2.0?pageSize=20&keyword=%E9%9D%92%E6%B5%A6%E7%99%BD%E9%B9%A4%E5%BB%BA%E6%96%B0%E7%9F%B3%E6%9D%90%E7%BB%8F%E8%90%A5%E9%83%A8&pageNum=1
852,/services/open/mr/creditChina/2.0?pageSize=20&keyword=%E6%B1%9F%E8%8B%8F%E7%9C%81%E8%BF%9E%E4%BA%91%E6%B8%AF%E6%B1%BD%E8%BD%A6%E8%BF%90%E8%BE%93%E6%9C%89%E9%99%90%E5%85%AC%E5%8F%B8&pageNum=1
853,/services/open/stock/volatility/2.0?keyword=199557844
854,/services/open/stock/companyInfo/2.0?keyword=%E6%B7%B1%E5%9C%B3%E5%B8%82%E6%8C%AF%E4%B8%9A%EF%BC%88%E9%9B%86%E5%9B%A2%EF%BC%89%E8%82%A1%E4%BB%BD%E6%9C%89%E9%99%90%E5%85%AC%E5%8F%B8
855,/services/open/stock/seniorExecutive/2.0?pageSize=20&keyword=%E6%B7%B1%E5%9C%B3%E5%B8%82%E6%8C%AF%E4%B8%9A%EF%BC%88%E9%9B%86%E5%9B%A2%EF%BC%89%E8%82%A1%E4%BB%BD%E6%9C%89%E9%99%90%E5%85%AC%E5%8F%B8&pageNum=1
856,/services/open/stock/holdingCompany/2.0?pageSize=20&keyword=%E6%B7%B1%E5%9C%B3%E5%B8%82%E6%8C%AF%E4%B8%9A%EF%BC%88%E9%9B%86%E5%9B%A2%EF%BC%89%E8%82%A1%E4%BB%BD%E6%9C%89%E9%99%90%E5%85%AC%E5%8F%B8&pageNum=1
857,/services/open/stock/announcement/2.0?pageSize=20&keyword=%E6%B7%B1%E5%9C%B3%E5%B8%82%E6%8C%AF%E4%B8%9A%EF%BC%88%E9%9B%86%E5%9B%A2%EF%BC%89%E8%82%A1%E4%BB%BD%E6%9C%89%E9%99%90%E5%85%AC%E5%8F%B8&pageNum=1
859,/services/open/stock/shareholder/2.0?time=2020-03-31&keyword=485568977&type=1
860,/services/open/stock/issueRelated/2.0?keyword=%E6%B7%B1%E5%9C%B3%E5%B8%82%E6%8C%AF%E4%B8%9A%EF%BC%88%E9%9B%86%E5%9B%A2%EF%BC%89%E8%82%A1%E4%BB%BD%E6%9C%89%E9%99%90%E5%85%AC%E5%8F%B8
861,/services/open/stock/shareStructure/2.0?time=2019-06-30&keyword=%E6%B7%B1%E5%9C%B3%E5%B8%82%E6%8C%AF%E4%B8%9A%EF%BC%88%E9%9B%86%E5%9B%A2%EF%BC%89%E8%82%A1%E4%BB%BD%E6%9C%89%E9%99%90%E5%85%AC%E5%8F%B8
862,/services/open/stock/equityChange/2.0?pageSize=20&keyword=%E6%B7%B1%E5%9C%B3%E5%B8%82%E6%8C%AF%E4%B8%9A%EF%BC%88%E9%9B%86%E5%9B%A2%EF%BC%89%E8%82%A1%E4%BB%BD%E6%9C%89%E9%99%90%E5%85%AC%E5%8F%B8&pageNum=1
863,/services/open/stock/bonusInfo/2.0?pageSize=20&keyword=%E6%B7%B1%E5%9C%B3%E5%B8%82%E6%8C%AF%E4%B8%9A%EF%BC%88%E9%9B%86%E5%9B%A2%EF%BC%89%E8%82%A1%E4%BB%BD%E6%9C%89%E9%99%90%E5%85%AC%E5%8F%B8&pageNum=1
864,/services/open/stock/allotmen/2.0?pageSize=20&keyword=%E6%B7%B1%E5%9C%B3%E5%B8%82%E6%8C%AF%E4%B8%9A%EF%BC%88%E9%9B%86%E5%9B%A2%EF%BC%89%E8%82%A1%E4%BB%BD%E6%9C%89%E9%99%90%E5%85%AC%E5%8F%B8&pageNum=1
865,/services/open/hi/punishment/creditChina/2.0?pageSize=20&keyword=%E5%8C%97%E4%BA%AC%E7%99%BE%E5%BA%A6%E7%BD%91%E8%AE%AF%E7%A7%91%E6%8A%80%E6%9C%89%E9%99%90%E5%85%AC%E5%8F%B8&pageNum=1
866,/services/open/hi/mortgageInfo/2.0?pageSize=20&keyword=%E5%AB%A9%E6%B1%9F%E5%8E%BF%E6%9C%9D%E9%98%B3%E7%A7%8D%E6%A4%8D%E4%B8%93%E4%B8%9A%E5%90%88%E4%BD%9C%E7%A4%BE&pageNum=1
867,/services/open/hi/license/2.0?pageSize=20&keyword=%E9%94%A6%E5%B7%9E%E5%B8%82%E4%B8%AD%E8%BF%9C%E6%97%85%E8%A1%8C%E7%A4%BE%E6%9C%89%E9%99%90%E8%B4%A3%E4%BB%BB%E5%85%AC%E5%8F%B8&pageNum=1
868,/services/open/hi/equityInfo/2.0?pageSize=20&keyword=%E5%8C%97%E4%BA%AC%E7%99%BE%E5%BA%A6%E7%BD%91%E8%AE%AF%E7%A7%91%E6%8A%80%E6%9C%89%E9%99%90%E5%85%AC%E5%8F%B8&pageNum=1
869,/services/open/hi/license/creditChina/2.0?pageSize=20&keyword=%E5%8C%97%E4%BA%AC%E7%99%BE%E5%BA%A6%E7%BD%91%E8%AE%AF%E7%A7%91%E6%8A%80%E6%9C%89%E9%99%90%E5%85%AC%E5%8F%B8&pageNum=1
870,/services/open/hi/punishment/2.0?pageSize=20&keyword=%E5%8C%97%E4%BA%AC%E7%99%BE%E5%BA%A6%E7%BD%91%E8%AE%AF%E7%A7%91%E6%8A%80%E6%9C%89%E9%99%90%E5%85%AC%E5%8F%B8&pageNum=1
871,/services/open/hi/zhixing/2.0?pageSize=20&keyword=%E5%8C%97%E4%BA%AC%E7%99%BE%E5%BA%A6%E7%BD%91%E8%AE%AF%E7%A7%91%E6%8A%80%E6%9C%89%E9%99%90%E5%85%AC%E5%8F%B8&pageNum=1
872,/services/open/hi/dishonest/2.0?pageSize=20&keyword=%E5%A4%A9%E6%B4%A5%E5%B8%82%E7%BA%A2%E5%AE%9D%E7%9F%B3%E5%95%86%E5%8A%A1%E5%AE%BE%E9%A6%86%E6%9C%89%E9%99%90%E5%85%AC%E5%8F%B8&pageNum=1
873,/services/open/hi/court/2.0?pageSize=20&keyword=%E5%8C%97%E4%BA%AC%E7%99%BE%E5%BA%A6%E7%BD%91%E8%AE%AF%E7%A7%91%E6%8A%80%E6%9C%89%E9%99%90%E5%85%AC%E5%8F%B8&pageNum=1
874,/services/open/hi/lawsuit/2.0?pageSize=20&keyword=%E5%8C%97%E4%BA%AC%E7%99%BE%E5%BA%A6%E7%BD%91%E8%AE%AF%E7%A7%91%E6%8A%80%E6%9C%89%E9%99%90%E5%85%AC%E5%8F%B8&pageNum=1
875,/services/open/hi/announcement/2.0?pageSize=20&keyword=%E5%8C%97%E4%BA%AC%E7%99%BE%E5%BA%A6%E7%BD%91%E8%AE%AF%E7%A7%91%E6%8A%80%E6%9C%89%E9%99%90%E5%85%AC%E5%8F%B8&pageNum=1
876,/services/open/hi/invest/2.0?pageSize=20&keyword=%E5%8C%97%E4%BA%AC%E7%99%BE%E5%BA%A6%E7%BD%91%E8%AE%AF%E7%A7%91%E6%8A%80%E6%9C%89%E9%99%90%E5%85%AC%E5%8F%B8&pageNum=1
877,/services/open/hi/holder/2.0?pageSize=20&keyword=%E5%8C%97%E4%BA%AC%E7%99%BE%E5%BA%A6%E7%BD%91%E8%AE%AF%E7%A7%91%E6%8A%80%E6%9C%89%E9%99%90%E5%85%AC%E5%8F%B8&pageNum=1
878,/services/open/hi/ic/2.0?keyword=%E5%8C%97%E4%BA%AC%E7%99%BE%E5%BA%A6%E7%BD%91%E8%AE%AF%E7%A7%91%E6%8A%80%E6%9C%89%E9%99%90%E5%85%AC%E5%8F%B8
879,/services/open/m/employments/2.0?pageSize=20&keyword=%E5%8C%97%E4%BA%AC%E7%99%BE%E5%BA%A6%E7%BD%91%E8%AE%AF%E7%A7%91%E6%8A%80%E6%9C%89%E9%99%90%E5%85%AC%E5%8F%B8&pageNum=1
880,/services/open/m/certificate/2.0?name=%E5%8C%97%E4%BA%AC%E7%99%BE%E5%BA%A6%E7%BD%91%E8%AE%AF%E7%A7%91%E6%8A%80%E6%9C%89%E9%99%90%E5%85%AC%E5%8F%B8&certificateName=%E4%B8%AD%E5%9B%BD%E8%B4%A8%E9%87%8F%E8%AE%A4%E8%AF%81%E4%B8%AD%E5%BF%83_CCC%E8%AF%81%E4%B9%A6&pageSize=20&id=22822&pageNum=1
881,/services/open/m/importAndExport/2.0?keyword=%E7%8F%A0%E6%B5%B7%E5%B8%82%E4%BC%98%E9%9A%86%E8%B4%B8%E6%98%93%E6%9C%89%E9%99%90%E5%85%AC%E5%8F%B8
882,/services/open/m/appbkInfo/2.0?pageSize=20&keyword=%E5%8C%97%E4%BA%AC%E7%99%BE%E5%BA%A6%E7%BD%91%E8%AE%AF%E7%A7%91%E6%8A%80%E6%9C%89%E9%99%90%E5%85%AC%E5%8F%B8&pageNum=1
883,/services/open/m/checkInfo/2.0?pageSize=20&keyword=%E5%8C%97%E4%BA%AC%E7%99%BE%E5%BA%A6%E7%BD%91%E8%AE%AF%E7%A7%91%E6%8A%80%E6%9C%89%E9%99%90%E5%85%AC%E5%8F%B8&pageNum=1
884,/services/open/m/taxCredit/2.0?pageSize=20&keyword=%E5%8C%97%E4%BA%AC%E7%99%BE%E5%BA%A6%E7%BD%91%E8%AE%AF%E7%A7%91%E6%8A%80%E6%9C%89%E9%99%90%E5%85%AC%E5%8F%B8&pageNum=1
885,/services/open/m/purchaseLand/2.0?pageSize=20&keyword=%E9%87%91%E5%9C%B0%EF%BC%88%E9%9B%86%E5%9B%A2%EF%BC%89%E8%82%A1%E4%BB%BD%E6%9C%89%E9%99%90%E5%85%AC%E5%8F%B8&pageNum=1
886,/services/open/m/bond/2.0?pageSize=20&keyword=%E5%98%89%E5%85%B4%E9%93%B6%E8%A1%8C%E8%82%A1%E4%BB%BD%E6%9C%89%E9%99%90%E5%85%AC%E5%8F%B8&pageNum=1
887,/services/open/m/bids/2.0?publishEndTime=2020-01-01&pageSize=20&keyword=%E5%8C%97%E4%BA%AC%E7%99%BE%E5%BA%A6%E7%BD%91%E8%AE%AF%E7%A7%91%E6%8A%80%E6%9C%89%E9%99%90%E5%85%AC%E5%8F%B8&pageNum=1&publishStartTime=2010-01-01
888,/services/open/m/getLicense/2.0?pageSize=20&keyword=%E6%B7%B1%E5%9C%B3%E5%B8%82%E4%B8%AD%E4%BA%9A%E5%8C%BB%E8%8D%AF%E6%9C%89%E9%99%90%E5%85%AC%E5%8F%B8&pageNum=1
889,/services/open/m/getLicenseCreditchina/2.0?pageSize=20&keyword=%E4%B8%8A%E6%B5%B7%E7%BB%AA%E6%96%8C%E8%B4%B8%E6%98%93%E6%9C%89%E9%99%90%E5%85%AC%E5%8F%B8&pageNum=1
944,/services/open/cd/investOrg/2.0?pageSize=20&keyword=%E5%8C%97%E4%BA%AC%E7%99%BE%E5%BA%A6%E7%BD%91%E8%AE%AF%E7%A7%91%E6%8A%80%E6%9C%89%E9%99%90%E5%85%AC%E5%8F%B8&pageNum=1
945,/services/open/ic/humanholding/2.0?pageSize=20&keyword=%E5%8C%97%E4%BA%AC%E7%99%BE%E5%BA%A6%E7%BD%91%E8%AE%AF%E7%A7%91%E6%8A%80%E6%9C%89%E9%99%90%E5%85%AC%E5%8F%B8&pageNum=1
946,/services/open/m/supply/2.0?year=2018&pageSize=20&keyword=%E5%8C%97%E4%BA%AC%E7%99%BE%E5%BA%A6%E7%BD%91%E8%AE%AF%E7%A7%91%E6%8A%80%E6%9C%89%E9%99%90%E5%85%AC%E5%8F%B8&pageNum=1
947,/services/open/m/customer/2.0?year=2018&pageSize=20&keyword=%E5%8C%97%E4%BA%AC%E7%99%BE%E5%BA%A6%E7%BD%91%E8%AE%AF%E7%A7%91%E6%8A%80%E6%9C%89%E9%99%90%E5%85%AC%E5%8F%B8&pageNum=1
948,/services/open/m/teleCommunicationLicense/2.0?pageSize=20&keyword=%E5%8C%97%E4%BA%AC%E7%99%BE%E5%BA%A6%E7%BD%91%E8%AE%AF%E7%A7%91%E6%8A%80%E6%9C%89%E9%99%90%E5%85%AC%E5%8F%B8&pageNum=1
949,/services/open/m/landPublicity/2.0?pageSize=20&keyword=%E5%A4%A9%E6%B4%A5%E5%A4%A7%E4%B8%B0%E5%85%B4%E4%B8%9A%E7%A7%91%E6%8A%80%E6%9C%89%E9%99%90%E5%85%AC%E5%8F%B8&pageNum=1
950,/services/open/m/landPublicity/detail/2.0?id=74
951,/services/open/m/landTransfer/2.0?pageSize=20&keyword=%E9%82%B5%E9%98%B3%E5%B8%82%E4%B8%9C%E9%A3%8E%E6%88%BF%E5%9C%B0%E4%BA%A7%E5%BC%80%E5%8F%91%E6%9C%89%E9%99%90%E8%B4%A3%E4%BB%BB%E5%85%AC%E5%8F%B8&pageNum=1
952,/services/open/m/landTransfer/detail/2.0?id=179495
953,/services/open/m/bp/employments/2.0?pageSize=20&keyword=%E5%8C%97%E4%BA%AC%E7%99%BE%E5%BA%A6%E7%BD%91%E8%AE%AF%E7%A7%91%E6%8A%80%E6%9C%89%E9%99%90%E5%85%AC%E5%8F%B8&pageNum=1
954,/services/open/cd/privateFund/2.0?pageSize=20&keyword=9143010532070930XC&pageNum=1
955,/services/open/mr/landMortgage/2.0?pageSize=20&keyword=%E9%82%B5%E9%98%B3%E5%B8%82%E4%B8%9C%E9%A3%8E%E6%88%BF%E5%9C%B0%E4%BA%A7%E5%BC%80%E5%8F%91%E6%9C%89%E9%99%90%E8%B4%A3%E4%BB%BB%E5%85%AC%E5%8F%B8&pageNum=1
956,/services/open/mr/landMortgage/detail/2.0?id=57277
957,/services/open/mr/taxContravention/2.0?pageSize=20&keyword=%E5%AE%81%E6%B3%A2%E4%BF%9D%E7%A8%8E%E5%8C%BA%E8%88%AA%E6%99%A8%E5%A1%91%E5%8C%96%E6%9C%89%E9%99%90%E5%85%AC%E5%8F%B8&pageNum=1
958,/services/open/mr/taxContravention/detail/2.0?id=13
959,/services/open/mr/environmentalPenalty/2.0?name=%E9%84%82%E5%B0%94%E5%A4%9A%E6%96%AF%E5%B8%82%E4%B8%AD%E5%8C%97%E7%85%A4%E5%8C%96%E5%B7%A5%E6%9C%89%E9%99%90%E5%85%AC%E5%8F%B8&pageSize=20&id=221350712&pageNum=1
960,/services/open/mr/briefCancel/2.0?keyword=%E4%B8%8A%E6%B5%B7%E8%91%97%E8%BF%9C%E7%BD%91%E7%BB%9C%E4%BF%A1%E6%81%AF%E6%8A%80%E6%9C%AF%E6%9C%89%E9%99%90%E5%85%AC%E5%8F%B8
961,/services/open/jr/courtRegister/2.0?pageSize=20&keyword=%E5%8D%97%E4%BA%AC%E9%93%B6%E5%9F%8E%E7%89%A9%E4%B8%9A%E6%9C%8D%E5%8A%A1%E6%9C%89%E9%99%90%E5%85%AC%E5%8F%B8&pageNum=1
962,/services/open/jr/sendAnnouncement/2.0?pageSize=20&keyword=%E6%B7%B1%E5%9C%B3%E5%B8%82%E8%AF%9A%E4%BF%A1%E7%A5%A5%E8%9E%8D%E8%B5%84%E6%8B%85%E4%BF%9D%E6%9C%89%E9%99%90%E5%85%AC%E5%8F%B8&pageNum=1
963,/services/open/ic/parentCompany/2.0?keyword=139573097
964,/services/open/stock/security/2.0?keyword=%E5%B9%BF%E5%8F%91%E8%AF%81%E5%88%B8%E8%82%A1%E4%BB%BD%E6%9C%89%E9%99%90%E5%85%AC%E5%8F%B8
965,/services/open/stock/corpBasicInfo/2.0?keyword=%E5%B9%BF%E5%8F%91%E8%AF%81%E5%88%B8%E8%82%A1%E4%BB%BD%E6%9C%89%E9%99%90%E5%85%AC%E5%8F%B8
966,/services/open/stock/corpContactInfo/2.0?keyword=%E5%B9%BF%E5%8F%91%E8%AF%81%E5%88%B8%E8%82%A1%E4%BB%BD%E6%9C%89%E9%99%90%E5%85%AC%E5%8F%B8
967,/services/open/stock/mainIndex/2.0?keyword=%E5%8E%A6%E9%97%A8%E5%AE%89%E5%A6%AE%E8%82%A1%E4%BB%BD%E6%9C%89%E9%99%90%E5%85%AC%E5%8F%B8
968,/services/open/stock/quarMainIndex/2.0?year=2019&keyword=%E5%B1%B1%E8%A5%BF%E5%85%B0%E8%8A%B1%E7%A7%91%E6%8A%80%E5%88%9B%E4%B8%9A%E8%82%A1%E4%BB%BD%E6%9C%89%E9%99%90%E5%85%AC%E5%8F%B8
969,/services/open/stock/guarantees/2.0?pageSize=20&keyword=%E5%8E%A6%E9%97%A8%E5%AE%89%E5%A6%AE%E8%82%A1%E4%BB%BD%E6%9C%89%E9%99%90%E5%85%AC%E5%8F%B8&pageNum=1
970,/services/open/stock/illegal/2.0?pageSize=20&keyword=%E5%8E%A6%E9%97%A8%E5%AE%89%E5%A6%AE%E8%82%A1%E4%BB%BD%E6%9C%89%E9%99%90%E5%85%AC%E5%8F%B8&pageNum=1
971,/services/open/stock/profit/2.0?year=2018&keyword=%E5%8E%A6%E9%97%A8%E5%AE%89%E5%A6%AE%E8%82%A1%E4%BB%BD%E6%9C%89%E9%99%90%E5%85%AC%E5%8F%B8
972,/services/open/stock/balanceSheet/2.0?year=2018&keyword=%E5%8E%A6%E9%97%A8%E5%AE%89%E5%A6%AE%E8%82%A1%E4%BB%BD%E6%9C%89%E9%99%90%E5%85%AC%E5%8F%B8
973,/services/open/stock/cashFlow/2.0?year=2018&keyword=%E5%8E%A6%E9%97%A8%E5%AE%89%E5%A6%AE%E8%82%A1%E4%BB%BD%E6%9C%89%E9%99%90%E5%85%AC%E5%8F%B8
976,null/
977,null/
978,/services/open/oi/businessEvent/2.0?name=%E7%99%BE%E5%BA%A6%E6%8A%95%E8%B5%84%E5%B9%B6%E8%B4%AD%E9%83%A8&pageSize=20&pageNum=1
979,/services/open/oi/news/2.0?name=%E7%99%BE%E5%BA%A6%E6%8A%95%E8%B5%84%E5%B9%B6%E8%B4%AD%E9%83%A8&pageSize=20&pageNum=1
980,/services/open/oi/team/2.0?name=%E7%99%BE%E5%BA%A6%E6%8A%95%E8%B5%84%E5%B9%B6%E8%B4%AD%E9%83%A8&pageSize=20&pageNum=1
981,/services/open/oi/publicInvest/2.0?name=%E7%99%BE%E5%BA%A6%E6%8A%95%E8%B5%84%E5%B9%B6%E8%B4%AD%E9%83%A8&pageSize=20&pageNum=1
982,/services/open/oi/secretInvest/2.0?name=%E7%99%BE%E5%BA%A6%E6%8A%95%E8%B5%84%E5%B9%B6%E8%B4%AD%E9%83%A8&pageSize=20&pageNum=1
983,/services/open/oi/funds/2.0?name=%E7%99%BE%E5%BA%A6%E6%8A%95%E8%B5%84%E5%B9%B6%E8%B4%AD%E9%83%A8&pageSize=20&pageNum=1
984,/services/open/oi/extFunds/2.0?name=%E7%99%BE%E5%BA%A6%E6%8A%95%E8%B5%84%E5%B9%B6%E8%B4%AD%E9%83%A8&pageSize=20&pageNum=1
985,/services/open/oi/fundManager/2.0?name=%E7%BA%A2%E6%9D%89%E8%B5%84%E6%9C%AC%E4%B8%AD%E5%9B%BD&pageSize=20&pageNum=1
986,/services/open/oi/investEvent/2.0?name=%E7%99%BE%E5%BA%A6%E6%8A%95%E8%B5%84%E5%B9%B6%E8%B4%AD%E9%83%A8&pageSize=20&pageNum=1
987,/services/open/oi/stats/2.0?year=2019&name=%E7%99%BE%E5%BA%A6%E6%8A%95%E8%B5%84%E5%B9%B6%E8%B4%AD%E9%83%A8
988,/services/open/pf/orgInfo/2.0?keyword=%E6%96%B0%E7%96%86%E4%B8%AD%E7%A7%91%E6%8F%B4%E7%96%86%E5%88%9B%E6%96%B0%E5%88%9B%E4%B8%9A%E7%A7%81%E5%8B%9F%E5%9F%BA%E9%87%91%E7%AE%A1%E7%90%86%E6%9C%89%E9%99%90%E5%85%AC%E5%8F%B8
989,/services/open/pf/member/2.0?keyword=%E6%96%B0%E7%96%86%E4%B8%AD%E7%A7%91%E6%8F%B4%E7%96%86%E5%88%9B%E6%96%B0%E5%88%9B%E4%B8%9A%E7%A7%81%E5%8B%9F%E5%9F%BA%E9%87%91%E7%AE%A1%E7%90%86%E6%9C%89%E9%99%90%E5%85%AC%E5%8F%B8
990,/services/open/pf/legalOpinion/2.0?keyword=%E6%96%B0%E7%96%86%E4%B8%AD%E7%A7%91%E6%8F%B4%E7%96%86%E5%88%9B%E6%96%B0%E5%88%9B%E4%B8%9A%E7%A7%81%E5%8B%9F%E5%9F%BA%E9%87%91%E7%AE%A1%E7%90%86%E6%9C%89%E9%99%90%E5%85%AC%E5%8F%B8
991,/services/open/pf/boss/2.0?keyword=%E6%96%B0%E7%96%86%E4%B8%AD%E7%A7%91%E6%8F%B4%E7%96%86%E5%88%9B%E6%96%B0%E5%88%9B%E4%B8%9A%E7%A7%81%E5%8B%9F%E5%9F%BA%E9%87%91%E7%AE%A1%E7%90%86%E6%9C%89%E9%99%90%E5%85%AC%E5%8F%B8
992,/services/open/pf/staff/2.0?keyword=%E6%96%B0%E7%96%86%E4%B8%AD%E7%A7%91%E6%8F%B4%E7%96%86%E5%88%9B%E6%96%B0%E5%88%9B%E4%B8%9A%E7%A7%81%E5%8B%9F%E5%9F%BA%E9%87%91%E7%AE%A1%E7%90%86%E6%9C%89%E9%99%90%E5%85%AC%E5%8F%B8
993,/services/open/pf/product/2.0?keyword=%E5%87%AF%E9%93%B6%E6%8A%95%E8%B5%84%E7%AE%A1%E7%90%86%E6%9C%89%E9%99%90%E5%85%AC%E5%8F%B8
994,/services/open/pf/integrity/2.0?keyword=%E6%96%B0%E7%96%86%E4%B8%AD%E7%A7%91%E6%8F%B4%E7%96%86%E5%88%9B%E6%96%B0%E5%88%9B%E4%B8%9A%E7%A7%81%E5%8B%9F%E5%9F%BA%E9%87%91%E7%AE%A1%E7%90%86%E6%9C%89%E9%99%90%E5%85%AC%E5%8F%B8
995,/services/open/hi/icp/2.0?keyword=22822&pageNum=1&pageSize=20
996,/services/open/hi/abnormal/2.0?pageSize=20&keyword=%E6%B9%96%E5%8D%97%E7%91%9E%E6%BA%90%E7%94%9F%E7%89%A9%E5%8C%BB%E8%8D%AF%E7%A7%91%E6%8A%80%E6%9C%89%E9%99%90%E5%85%AC%E5%8F%B8&pageNum=1
997,/services/open/ic/holderList/2.0?keyword=2318455639&pageNum=1&pageSize=20
998,/services/open/ic/holderChange/2.0?keyword=2318455639&pageNum=1&pageSize=20
999,/services/open/stock/prospectus/2.0?keyword=%E5%B9%BF%E5%8F%91%E8%AF%81%E5%88%B8%E8%82%A1%E4%BB%BD%E6%9C%89%E9%99%90%E5%85%AC%E5%8F%B8
1001,/services/open/cb/ic/2.0?keyword=%E5%8C%97%E4%BA%AC%E7%99%BE%E5%BA%A6%E7%BD%91%E8%AE%AF%E7%A7%91%E6%8A%80%E6%9C%89%E9%99%90%E5%85%AC%E5%8F%B8
1002,/services/open/cb/judicial/2.0?keyword=%E5%8C%97%E4%BA%AC%E7%99%BE%E5%BA%A6%E7%BD%91%E8%AE%AF%E7%A7%91%E6%8A%80%E6%9C%89%E9%99%90%E5%85%AC%E5%8F%B8
1003,/services/open/cb/ipr/2.0?keyword=%E5%8C%97%E4%BA%AC%E7%99%BE%E5%BA%A6%E7%BD%91%E8%AE%AF%E7%A7%91%E6%8A%80%E6%9C%89%E9%99%90%E5%85%AC%E5%8F%B8
1007,/services/open/bq/qualification/2.0?pageSize=20&keyword=%E6%B2%B3%E5%8D%97%E7%9C%81%E5%BB%BA%E7%AD%91%E8%AE%BE%E8%AE%A1%E7%A0%94%E7%A9%B6%E9%99%A2%E6%9C%89%E9%99%90%E5%85%AC%E5%8F%B8&pageNum=1
1008,/services/open/bq/qualification/detail/2.0?businessId=5d43a8f092aec74cbf04a163-A141002510
1009,/services/open/bq/regHuman/2.0?pageSize=20&keyword=%E6%B2%B3%E5%8D%97%E7%9C%81%E5%BB%BA%E7%AD%91%E8%AE%BE%E8%AE%A1%E7%A0%94%E7%A9%B6%E9%99%A2%E6%9C%89%E9%99%90%E5%85%AC%E5%8F%B8&pageNum=1
1010,/services/open/bq/regHuman/detail/2.0?businessId=5d48344bc02a0fa2ff165836
1011,/services/open/bq/project/2.0?pageSize=20&keyword=%E6%B2%B3%E5%8D%97%E7%9C%81%E5%BB%BA%E7%AD%91%E8%AE%BE%E8%AE%A1%E7%A0%94%E7%A9%B6%E9%99%A2%E6%9C%89%E9%99%90%E5%85%AC%E5%8F%B8&pageNum=1
1012,/services/open/bq/project/detail/2.0?businessId=5d42d1d6478d18a66bd81e57
1013,/services/open/jr/endCase/2.0?pageSize=20&keyword=%E6%88%90%E9%83%BD%E5%B8%82%E6%AD%A6%E4%BE%AF%E5%8C%BA%E6%A1%82%E6%BA%AA%E6%88%BF%E5%9C%B0%E4%BA%A7%E5%BC%80%E5%8F%91%E5%85%AC%E5%8F%B8&pageNum=1
1014,/services/open/jr/consumptionRestriction/2.0?pageSize=20&keyword=%E4%B9%90%E8%A7%86%E6%8E%A7%E8%82%A1%EF%BC%88%E5%8C%97%E4%BA%AC%EF%BC%89%E6%9C%89%E9%99%90%E5%85%AC%E5%8F%B8&pageNum=1
1016,/services/open/hi/judicial/detail/2.0?businessId=4e4m4cv7fb12c6dff13033138l2544c8
1017,/services/open/mr/stockPledge/trend/2.0?keyword=%E5%B9%B3%E5%AE%89%E9%93%B6%E8%A1%8C%E8%82%A1%E4%BB%BD%E6%9C%89%E9%99%90%E5%85%AC%E5%8F%B8
1018,/services/open/mr/stockPledge/ratio/2.0?date=2019-07-26&keyword=%E5%8E%A6%E9%97%A8%E5%AE%89%E5%A6%AE%E8%82%A1%E4%BB%BD%E6%9C%89%E9%99%90%E5%85%AC%E5%8F%B8
1019,/services/open/mr/stockPledge/shareholder/2.0?pageSize=20&keyword=%E9%80%9A%E6%BA%90%E7%9F%B3%E6%B2%B9%E7%A7%91%E6%8A%80%E9%9B%86%E5%9B%A2%E8%82%A1%E4%BB%BD%E6%9C%89%E9%99%90%E5%85%AC%E5%8F%B8&pageNum=1
1020,/services/open/mr/stockPledge/shareholder/detail/2.0?businessId=1o118ef2424dfb670e699b1b0l671c24&id=7996092
1021,/services/open/mr/stockPledge/detailList/2.0?pageSize=20&keyword=%E5%8E%A6%E9%97%A8%E5%AE%89%E5%A6%AE%E8%82%A1%E4%BB%BD%E6%9C%89%E9%99%90%E5%85%AC%E5%8F%B8&pageNum=1
1022,/services/open/mr/stockPledge/detail/2.0?businessId=49o1ecbae1bb82282dbe7a1aflbf1f36&id=7996092
1023,/services/open/mr/inquiryEvaluation/2.0?pageSize=20&keyword=%E6%AD%A6%E6%B1%89%E9%87%91%E6%B9%96%E7%A7%91%E6%8A%80%E6%9C%89%E9%99%90%E5%85%AC%E5%8F%B8&pageNum=1
1024,/services/open/m/doubleRandomCheck/2.0?pageSize=20&keyword=%E6%AD%A6%E6%B1%89%E4%B8%96%E7%BA%AA%E6%A5%9A%E6%B3%BD%E5%95%86%E8%B4%B8%E6%9C%89%E9%99%90%E5%85%AC%E5%8F%B8&pageNum=1
1025,/services/open/m/doubleRandomCheckDetail/2.0?businessId=4me4c1m72f122bd2d7f23e1eal2f46f7&pageSize=20&pageNum=1
1026,/services/open/m/weibo/2.0?pageSize=20&keyword=%E5%8C%97%E4%BA%AC%E7%99%BE%E5%BA%A6%E7%BD%91%E8%AE%AF%E7%A7%91%E6%8A%80%E6%9C%89%E9%99%90%E5%85%AC%E5%8F%B8&pageNum=1
1027,/services/open/hi/tm/2.0?keyword=%E5%8C%97%E4%BA%AC%E7%99%BE%E5%BA%A6%E7%BD%91%E8%AE%AF%E7%A7%91%E6%8A%80%E6%9C%89%E9%99%90%E5%85%AC%E5%8F%B8&pageNum=1&pageSize=20
1028,/services/open/ic/actualControl/2.0?keyword=%E5%8C%97%E4%BA%AC%E7%99%BE%E5%BA%A6%E7%BD%91%E8%AE%AF%E7%A7%91%E6%8A%80%E6%9C%89%E9%99%90%E5%85%AC%E5%8F%B8
1029,/services/open/m/announcementReport/2.0?pageSize=20&keyword=%E5%B9%B3%E5%AE%89%E9%93%B6%E8%A1%8C%E8%82%A1%E4%BB%BD%E6%9C%89%E9%99%90%E5%85%AC%E5%8F%B8&pageNum=1
1030,/services/open/bq/badConduct/2.0?pageSize=20&keyword=%E9%83%91%E5%B7%9E%E4%B9%85%E9%BC%8E%E8%B7%AF%E6%A1%A5%E5%B7%A5%E7%A8%8B%E6%9C%89%E9%99%90%E5%85%AC%E5%8F%B8&pageNum=1
1032,/services/open/ic/relationship/2.0?id=22822
1033,/services/open/human/companyholding/2.0?hid=1984012283&name=%E5%8C%97%E4%BA%AC%E7%99%BE%E5%BA%A6%E7%BD%91%E8%AE%AF%E7%A7%91%E6%8A%80%E6%9C%89%E9%99%90%E5%85%AC%E5%8F%B8&pageSize=20&pageNum=1&humanName=%E6%9D%8E%E5%BD%A6%E5%AE%8F&cid=22822
1034,/services/open/report/company/base?name=%E5%8C%97%E4%BA%AC%E5%A4%A9%E7%9C%BC%E6%9F%A5%E7%A7%91%E6%8A%80%E6%9C%89%E9%99%90%E5%85%AC%E5%8F%B8&id=3069334211&uuid=929dd1191cb511e6b554008cfae40dc0
1035,/services/open/report/company/pro?name=%E5%8C%97%E4%BA%AC%E5%A4%A9%E7%9C%BC%E6%9F%A5%E7%A7%91%E6%8A%80%E6%9C%89%E9%99%90%E5%85%AC%E5%8F%B8&id=3069334211&uuid=929dd1191cb511e6b554008cfae40dc1
1036,/services/open/jr/bankruptcy/2.0?pageSize=20&keyword=%E9%95%BF%E6%B2%99%E6%96%B0%E4%B8%96%E7%95%8C%E5%9B%BD%E9%99%85%E5%A4%A7%E9%A5%AD%E5%BA%97%E6%9C%89%E9%99%90%E5%85%AC%E5%8F%B8&pageNum=1
1037,/services/open/jr/bankruptcy/detail/2.0?gid=365223910&uuid=4905eef8fc704bcfbb82b6f0294d6fc5
1038,/services/open/ipr/icp/3.0?keyword=22822&pageNum=1&pageSize=20
1039,/services/open/ic/isExist?name=%E5%8C%97%E4%BA%AC%E7%99%BE%E5%BA%A6%E7%BD%91%E8%AE%AF%E7%A7%91%E6%8A%80%E6%9C%89%E9%99%90%E5%85%AC%E5%8F%B8
1040,null/
1041,/services/open/jr/judicialCase/2.0?pageSize=20&keyword=%E5%8C%97%E4%BA%AC%E7%99%BE%E5%BA%A6%E7%BD%91%E8%AE%AF%E7%A7%91%E6%8A%80%E6%9C%89%E9%99%90%E5%85%AC%E5%8F%B8&pageNum=1
1042,/services/open/ic/verify?code=91110000802100433B&name=%E5%8C%97%E4%BA%AC%E7%99%BE%E5%BA%A6%E7%BD%91%E8%AE%AF%E7%A7%91%E6%8A%80%E6%9C%89%E9%99%90%E5%85%AC%E5%8F%B8&legalPersonName=%E6%A2%81%E5%BF%97%E7%A5%A5
1043,/services/open/searchByTags/2.0?endDate=20190702&startDate=20180701&tags=%E9%AB%98%E6%96%B0%E6%8A%80%E6%9C%AF%E4%BC%81%E4%B8%9A
1044,/services/open/rela/shortPath?types=ALL&depth=3&idTo=3043827609&nameTo=%E5%8C%97%E4%BA%AC%E7%99%BE%E5%BA%A6%E6%99%BA%E8%A1%8C%E7%A7%91%E6%8A%80%E6%9C%89%E9%99%90%E5%85%AC%E5%8F%B8&idFrom=22822&nameFrom=%E5%8C%97%E4%BA%AC%E7%99%BE%E5%BA%A6%E7%BD%91%E8%AE%AF%E7%A7%91%E6%8A%80%E6%9C%89%E9%99%90%E5%85%AC%E5%8F%B8
1045,/services/open/ic/snapshot?keyword=%E5%8C%97%E4%BA%AC%E7%99%BE%E5%BA%A6%E7%BD%91%E8%AE%AF%E7%A7%91%E6%8A%80%E6%9C%89%E9%99%90%E5%85%AC%E5%8F%B8
1046,/services/open/ic/contact?keyword=%E5%8C%97%E4%BA%AC%E7%99%BE%E5%BA%A6%E7%BD%91%E8%AE%AF%E7%A7%91%E6%8A%80%E6%9C%89%E9%99%90%E5%85%AC%E5%8F%B8
1047,/services/open/ic/companyType?keyword=%E5%8C%97%E4%BA%AC%E7%99%BE%E5%BA%A6%E7%BD%91%E8%AE%AF%E7%A7%91%E6%8A%80%E6%9C%89%E9%99%90%E5%85%AC%E5%8F%B8
1048,/services/open/m/taxpayer/2.0?pageSize=20&keyword=%E5%8C%97%E4%BA%AC%E4%B8%80%E7%82%B9%E7%BD%91%E8%81%9A%E7%A7%91%E6%8A%80%E6%9C%89%E9%99%90%E5%85%AC%E5%8F%B8&pageNum=1
1049,/services/open/m/creditRating/2.0?pageSize=20&keyword=%E5%85%89%E5%A4%A7%E8%AF%81%E5%88%B8%E8%82%A1%E4%BB%BD%E6%9C%89%E9%99%90%E5%85%AC%E5%8F%B8&pageNum=1
1050,/services/open/hi/members?keyword=%E5%8C%97%E4%BA%AC%E7%99%BE%E5%BA%A6%E7%BD%91%E8%AE%AF%E7%A7%91%E6%8A%80%E6%9C%89%E9%99%90%E5%85%AC%E5%8F%B8
1051,/services/open/ipr/tm/detail/2.0?regNo=35834580&intCls=38-%E9%80%9A%E8%AE%AF%E6%9C%8D%E5%8A%A1
1057,/services/open/hi/roles?hid=1984012283&name=%E5%8C%97%E4%BA%AC%E7%99%BE%E5%BA%A6%E7%BD%91%E8%AE%AF%E7%A7%91%E6%8A%80%E6%9C%89%E9%99%90%E5%85%AC%E5%8F%B8&humanName=%E6%9D%8E%E5%BD%A6%E5%AE%8F&cid=22822
1059,/services/open/risk/humanRiskInfo/2.0?hid=2020172991&name=%E5%8C%97%E4%BA%AC%E7%99%BE%E5%BA%A6%E7%BD%91%E8%AE%AF%E7%A7%91%E6%8A%80%E6%9C%89%E9%99%90%E5%85%AC%E5%8F%B8&humanName=%E6%A2%81%E5%BF%97%E7%A5%A5&cid=22822
1061,/services/open/ipr/tm/search?searchType=1,2&appDateBegin=2010-01-01&pageSize=20&tmClass=1&appDateEnd=2020-01-01&keyword=%E7%99%BE%E5%BA%A6&pageNum=1&status=1
1062,/services/open/ipr/patents/search?searchType=1,2,3&pubDateBegin=2010-01-01&appDateBegin=2010-01-01&pageSize=20&pubDateEnd=2020-01-01&appDateEnd=2020-01-01&keyword=%E7%99%BE%E5%BA%A6&pageNum=1&patentType=1
1063,/services/open/m/bids/search?publishEndTime=2020-01-01&searchType=1,2&pageSize=20&keyword=%E7%99%BE%E5%BA%A6&publishStartTime=2010-01-01&pageNum=1
1064,/services/open/ic/private?keyword=%E5%8C%97%E4%BA%AC%E7%99%BE%E5%BA%A6%E7%BD%91%E8%AE%AF%E7%A7%91%E6%8A%80%E6%9C%89%E9%99%90%E5%85%AC%E5%8F%B8
1073,/services/open/jr/lawSuit/detail?uuid=929dd3cc1cb511e6b554008cfae40dc0
1074,/services/open/ic/verify/2.0?code=91110000802100433B&name=%E5%8C%97%E4%BA%AC%E7%99%BE%E5%BA%A6%E7%BD%91%E8%AE%AF%E7%A7%91%E6%8A%80%E6%9C%89%E9%99%90%E5%85%AC%E5%8F%B8&legalPersonName=%E6%A2%81%E5%BF%97%E7%A5%A5
1075,/services/open/stock/list?keyword=%E6%B7%B1%E5%9C%B3%E5%B8%82%E6%8C%AF%E4%B8%9A%EF%BC%88%E9%9B%86%E5%9B%A2%EF%BC%89%E8%82%A1%E4%BB%BD%E6%9C%89%E9%99%90%E5%85%AC%E5%8F%B8&pageNum=1&pageSize=20
1076,/services/v4/open/human/dishonest?hid=2187083120&name=%E5%8C%97%E4%BA%AC%E7%99%BE%E4%B9%90%E6%96%87%E5%8C%96%E4%BC%A0%E5%AA%92%E6%9C%89%E9%99%90%E5%85%AC%E5%8F%B8&humanName=%E8%B4%BE%E8%B7%83%E4%BA%AD&cid=34630712&pageSize=20&pageNum=1
1077,/services/v4/open/human/zhixinginfo?hid=2187083120&name=%E5%8C%97%E4%BA%AC%E7%99%BE%E4%B9%90%E6%96%87%E5%8C%96%E4%BC%A0%E5%AA%92%E6%9C%89%E9%99%90%E5%85%AC%E5%8F%B8&humanName=%E8%B4%BE%E8%B7%83%E4%BA%AD&cid=34630712&pageSize=20&pageNum=1
1078,/services/v4/open/human/consumptionRestriction?hid=2187083120&name=%E5%8C%97%E4%BA%AC%E7%99%BE%E4%B9%90%E6%96%87%E5%8C%96%E4%BC%A0%E5%AA%92%E6%9C%89%E9%99%90%E5%85%AC%E5%8F%B8&humanName=%E8%B4%BE%E8%B7%83%E4%BA%AD&cid=34630712&pageSize=20&pageNum=1
1079,/services/v4/open/human/judicialAssistance?hid=2187083120&name=%E5%8C%97%E4%BA%AC%E7%99%BE%E4%B9%90%E6%96%87%E5%8C%96%E4%BC%A0%E5%AA%92%E6%9C%89%E9%99%90%E5%85%AC%E5%8F%B8&humanName=%E8%B4%BE%E8%B7%83%E4%BA%AD&cid=34630712&pageSize=20&pageNum=1
1080,/services/v4/open/human/judicialAssistanceDetail?assistanceId=c37116808216
1081,/services/v4/open/human/endCase?hid=2187083120&name=%E5%8C%97%E4%BA%AC%E7%99%BE%E4%B9%90%E6%96%87%E5%8C%96%E4%BC%A0%E5%AA%92%E6%9C%89%E9%99%90%E5%85%AC%E5%8F%B8&humanName=%E8%B4%BE%E8%B7%83%E4%BA%AD&cid=34630712&pageSize=20&pageNum=1
1101,/services/open/hi/human/dishonest?hid=2187083120&name=%E5%8C%97%E4%BA%AC%E7%99%BE%E4%B9%90%E6%96%87%E5%8C%96%E4%BC%A0%E5%AA%92%E6%9C%89%E9%99%90%E5%85%AC%E5%8F%B8&humanName=%E8%B4%BE%E8%B7%83%E4%BA%AD&cid=34630712&pageSize=20&pageNum=1
1102,/services/open/hi/human/zhixinginfo?hid=2187083120&name=%E5%8C%97%E4%BA%AC%E7%99%BE%E4%B9%90%E6%96%87%E5%8C%96%E4%BC%A0%E5%AA%92%E6%9C%89%E9%99%90%E5%85%AC%E5%8F%B8&humanName=%E8%B4%BE%E8%B7%83%E4%BA%AD&cid=34630712&pageSize=20&pageNum=1
1103,/services/open/hi/human/consumptionRestriction?hid=2187083120&name=%E5%8C%97%E4%BA%AC%E7%99%BE%E4%B9%90%E6%96%87%E5%8C%96%E4%BC%A0%E5%AA%92%E6%9C%89%E9%99%90%E5%85%AC%E5%8F%B8&humanName=%E8%B4%BE%E8%B7%83%E4%BA%AD&cid=34630712&pageSize=20&pageNum=1
1105,/services/open/group/base?keyword=%E5%8C%97%E4%BA%AC%E7%99%BE%E5%BA%A6%E7%BD%91%E8%AE%AF%E7%A7%91%E6%8A%80%E6%9C%89%E9%99%90%E5%85%AC%E5%8F%B8
1106,/services/open/group/base/details?uuid=21711e8f83a24df483a949313ad66299
1107,/services/open/group/member?uuid=21711e8f83a24df483a949313ad66299&type=1&pageNum=1&pageSize=20
1108,/services/open/group/investors?uuid=21711e8f83a24df483a949313ad66299&pageNum=1&pageSize=20
1109,/services/open/group/investorMember?uuid=21711e8f83a24df483a949313ad66299&id=3410303988&pageNum=1&pageSize=20
1110,/services/open/group/shareholders?uuid=21711e8f83a24df483a949313ad66299&pageNum=1&pageSize=20
1111,/services/open/group/shareholdersMember?uuid=21711e8f83a24df483a949313ad66299&id=22822&pageNum=1&pageSize=20
1112,/services/open/ic/companyType/2.0?keyword=%E5%8C%97%E4%BA%AC%E7%99%BE%E5%BA%A6%E7%BD%91%E8%AE%AF%E7%A7%91%E6%8A%80%E6%9C%89%E9%99%90%E5%85%AC%E5%8F%B8
1114,/services/open/jr/lawSuit/3.0?keyword=%E5%8C%97%E4%BA%AC%E7%99%BE%E5%BA%A6%E7%BD%91%E8%AE%AF%E7%A7%91%E6%8A%80%E6%9C%89%E9%99%90%E5%85%AC%E5%8F%B8&pageNum=1&pageSize=20
1115,/services/open/hi/lawSuit/3.0?keyword=%E5%8C%97%E4%BA%AC%E7%99%BE%E5%BA%A6%E7%BD%91%E8%AE%AF%E7%A7%91%E6%8A%80%E6%9C%89%E9%99%90%E5%85%AC%E5%8F%B8&pageNum=1&pageSize=20
1116,/services/open/ic/baseinfo/normal?keyword=%E4%B8%AD%E8%88%AA%E9%87%8D%E6%9C%BA%E8%82%A1%E4%BB%BD%E6%9C%89%E9%99%90%E5%85%AC%E5%8F%B8
1117,/services/open/ic/baseinfo/special?keyword=%E7%99%BE%E5%BA%A6%EF%BC%88%E9%A6%99%E6%B8%AF%EF%BC%89%E6%9C%89%E9%99%90%E5%85%AC%E5%8F%B8
1118,/services/open/m/employments/3.0?pageSize=20&keyword=%E5%8C%97%E4%BA%AC%E7%99%BE%E5%BA%A6%E7%BD%91%E8%AE%AF%E7%A7%91%E6%8A%80%E6%9C%89%E9%99%90%E5%85%AC%E5%8F%B8&pageNum=1
1120,/services/open/mr/judicialSale/3.0?pageSize=20&keyword=%E4%B8%AD%E5%9B%BD%E4%B8%9C%E6%96%B9%E8%B5%84%E4%BA%A7%E7%AE%A1%E7%90%86%E8%82%A1%E4%BB%BD%E6%9C%89%E9%99%90%E5%85%AC%E5%8F%B8&pageNum=1
1122,/services/open/hi/punishmentInfo/3.0?pageSize=20&keyword=%E5%8C%97%E4%BA%AC%E7%99%BE%E5%BA%A6%E7%BD%91%E8%AE%AF%E7%A7%91%E6%8A%80%E6%9C%89%E9%99%90%E5%85%AC%E5%8F%B8&pageNum=1
1123,/services/open/ic/actualControl/3.0?keyword=%E5%8C%97%E4%BA%AC%E7%99%BE%E5%BA%A6%E7%BD%91%E8%AE%AF%E7%A7%91%E6%8A%80%E6%9C%89%E9%99%90%E5%85%AC%E5%8F%B8
1124,/services/open/mr/punishmentInfo/3.0?pageSize=20&keyword=%E5%8C%97%E4%BA%AC%E7%99%BE%E5%BA%A6%E7%BD%91%E8%AE%AF%E7%A7%91%E6%8A%80%E6%9C%89%E9%99%90%E5%85%AC%E5%8F%B8&pageNum=1
1125,/services/open/ic/baseinfo/invoice?keyword=%E5%8C%97%E4%BA%AC%E7%99%BE%E5%BA%A6%E7%BD%91%E8%AE%AF%E7%A7%91%E6%8A%80%E6%9C%89%E9%99%90%E5%85%AC%E5%8F%B8
1126,/services/open/ic/baseinfo/invoiceWithBank?keyword=%E5%8C%97%E4%BA%AC%E7%99%BE%E5%BA%A6%E7%BD%91%E8%AE%AF%E7%A7%91%E6%8A%80%E6%9C%89%E9%99%90%E5%85%AC%E5%8F%B8
1127,/services/open/m/checkInfo/3.0?keyword=%E4%B8%8A%E6%B5%B7%E5%BE%B7%E5%8A%9B%E8%A5%BF%E5%BC%80%E5%85%B3%E6%9C%89%E9%99%90%E5%85%AC%E5%8F%B8